Date,CPIAUCSL_PC1,UNRATE,ASPUS,GDP,Nonfarm business sector Labor productivity,Nonfarm business sector Real value-added output,Nonfarm business sector Hours worked,Nonfarm business sector Hourly compensation,Nonfarm business sector Real hourly compensation,Nonfarm business sector Unit labor costs,Nonfarm business sector Unit nonlabor payments,Nonfarm business sector Value-added output price deflator,Nonfarm business sector Employment,Nonfarm business sector Average weekly hours,Nonfarm business sector Labor share,Nonfarm business sector Labor compensation,Nonfarm business sector Value-added output,Nonfarm business sector Nonlabor payments,Nonfarm business sector Output per worker,Nonfarm business sector Consumer price deflator,Business sector Labor productivity,Business sector Real value-added output,Business sector Hours worked,Business sector Hourly compensation,Business sector Real hourly compensation,Business sector Unit labor costs,Business sector Unit nonlabor payments,Business sector Value-added output price deflator,Business sector Employment,Business sector Average weekly hours,Business sector Labor share,Business sector Labor compensation,Business sector Value-added output,Business sector Nonlabor payments,Business sector Output per worker,Business sector Consumer price deflator,Nonfinancial corporate sector Labor productivity,Nonfinancial corporate sector Real value-added output,Nonfinancial corporate sector Hours worked,Nonfinancial corporate sector Hourly compensation,Nonfinancial corporate sector Real hourly compensation,Nonfinancial corporate sector Unit labor costs,Nonfinancial corporate sector Unit nonlabor payments,Nonfinancial corporate sector Value-added output price deflator,Nonfinancial corporate sector Employment,Nonfinancial corporate sector Average weekly hours,Nonfinancial corporate sector Labor share,Nonfinancial corporate sector Labor compensation,Nonfinancial corporate sector Value-added output,Nonfinancial corporate sector Nonlabor payments,Nonfinancial corporate sector Output per worker,Nonfinancial corporate sector Consumer price deflator,Nonfinancial corporate sector Unit nonlabor costs,Nonfinancial corporate sector Unit combined input costs,Nonfinancial corporate sector Unit profits,Nonfinancial corporate sector Nonlabor costs,Nonfinancial corporate sector Profits,Manufacturing sector Labor productivity,Manufacturing sector Real sectoral output,Manufacturing sector Hours worked,Manufacturing sector Hourly compensation,Manufacturing sector Real hourly compensation,Manufacturing sector Unit labor costs,Manufacturing sector Employment,Manufacturing sector Average weekly hours,Manufacturing sector Labor compensation,Manufacturing sector Output per worker,Manufacturing sector Consumer price deflator,Durable manufacturing sector Labor productivity,Durable manufacturing sector Real sectoral output,Durable manufacturing sector Hours worked,Durable manufacturing sector Hourly compensation,Durable manufacturing sector Real hourly compensation,Durable manufacturing sector Unit labor costs,Durable manufacturing sector Employment,Durable manufacturing sector Average weekly hours,Durable manufacturing sector Labor compensation,Durable manufacturing sector Output per worker,Durable manufacturing sector Consumer price deflator,Nondurable manufacturing sector Labor productivity,Nondurable manufacturing sector Real sectoral output,Nondurable manufacturing sector Hours worked,Nondurable manufacturing sector Hourly compensation,Nondurable manufacturing sector Real hourly compensation,Nondurable manufacturing sector Unit labor costs,Nondurable manufacturing sector Employment,Nondurable manufacturing sector Average weekly hours,Nondurable manufacturing sector Labor compensation,Nondurable manufacturing sector Output per worker,Nondurable manufacturing sector Consumer price deflator
2013-01-01,1.51875,8.0,307400.0,16648.189,2.0,4.7,2.7,-5.9,-7.4,-7.7,12.7,0.7,2.2,0.5,-8.3,-3.4,5.4,18.0,2.5,1.7,2.9,5.1,2.1,-5.3,-6.9,-8.0,14.8,1.4,1.8,0.3,-9.3,-3.4,6.5,20.7,3.2,1.7,2.6,5.6,2.9,-2.2,-3.8,-4.7,5.1,-0.6,2.1,0.8,-4.1,0.7,5.0,11.0,3.5,1.7,-1.6,-3.7,19.3,3.9,26.0,4.7,5.2,0.5,-2.6,-4.2,-7.0,2.1,-1.5,-2.1,3.1,1.7,5.1,6.4,1.2,-3.9,-5.5,-8.6,2.3,-1.1,-2.8,4.0,1.7,4.8,4.1,-0.6,-0.2,-1.8,-4.7,1.7,-2.3,-0.8,2.3,1.7
2013-02-01,1.51875,7.7,307400.0,16648.189,2.0,4.7,2.7,-5.9,-7.4,-7.7,12.7,0.7,2.2,0.5,-8.3,-3.4,5.4,18.0,2.5,1.7,2.9,5.1,2.1,-5.3,-6.9,-8.0,14.8,1.4,1.8,0.3,-9.3,-3.4,6.5,20.7,3.2,1.7,2.6,5.6,2.9,-2.2,-3.8,-4.7,5.1,-0.6,2.1,0.8,-4.1,0.7,5.0,11.0,3.5,1.7,-1.6,-3.7,19.3,3.9,26.0,4.7,5.2,0.5,-2.6,-4.2,-7.0,2.1,-1.5,-2.1,3.1,1.7,5.1,6.4,1.2,-3.9,-5.5,-8.6,2.3,-1.1,-2.8,4.0,1.7,4.8,4.1,-0.6,-0.2,-1.8,-4.7,1.7,-2.3,-0.8,2.3,1.7
2013-03-01,1.51875,7.5,307400.0,16648.189,2.0,4.7,2.7,-5.9,-7.4,-7.7,12.7,0.7,2.2,0.5,-8.3,-3.4,5.4,18.0,2.5,1.7,2.9,5.1,2.1,-5.3,-6.9,-8.0,14.8,1.4,1.8,0.3,-9.3,-3.4,6.5,20.7,3.2,1.7,2.6,5.6,2.9,-2.2,-3.8,-4.7,5.1,-0.6,2.1,0.8,-4.1,0.7,5.0,11.0,3.5,1.7,-1.6,-3.7,19.3,3.9,26.0,4.7,5.2,0.5,-2.6,-4.2,-7.0,2.1,-1.5,-2.1,3.1,1.7,5.1,6.4,1.2,-3.9,-5.5,-8.6,2.3,-1.1,-2.8,4.0,1.7,4.8,4.1,-0.6,-0.2,-1.8,-4.7,1.7,-2.3,-0.8,2.3,1.7
2013-04-01,1.71579,7.6,320400.0,16728.687,-1.0,0.6,1.6,2.7,3.1,3.7,-2.9,0.8,2.0,-0.3,2.9,4.4,1.4,-2.3,-1.3,-0.4,-0.4,1.4,1.8,2.5,3.0,3.0,-3.0,0.3,1.9,-0.1,2.7,4.4,1.6,-1.7,-0.5,-0.4,1.0,2.5,1.5,2.6,3.0,1.6,-2.2,-0.1,1.9,-0.3,1.7,4.1,2.4,0.3,0.6,-0.4,-0.3,0.9,-5.7,2.2,-3.3,1.6,1.8,0.3,2.5,2.9,0.9,-1.2,1.5,2.8,3.1,-0.4,0.6,2.1,1.5,1.2,1.7,0.6,-0.1,1.6,2.8,2.2,-0.4,3.8,1.9,-1.8,4.8,5.2,0.9,-3.0,1.2,2.8,5.0,-0.4
2013-05-01,1.71579,7.5,320400.0,16728.687,-1.0,0.6,1.6,2.7,3.1,3.7,-2.9,0.8,2.0,-0.3,2.9,4.4,1.4,-2.3,-1.3,-0.4,-0.4,1.4,1.8,2.5,3.0,3.0,-3.0,0.3,1.9,-0.1,2.7,4.4,1.6,-1.7,-0.5,-0.4,1.0,2.5,1.5,2.6,3.0,1.6,-2.2,-0.1,1.9,-0.3,1.7,4.1,2.4,0.3,0.6,-0.4,-0.3,0.9,-5.7,2.2,-3.3,1.6,1.8,0.3,2.5,2.9,0.9,-1.2,1.5,2.8,3.1,-0.4,0.6,2.1,1.5,1.2,1.7,0.6,-0.1,1.6,2.8,2.2,-0.4,3.8,1.9,-1.8,4.8,5.2,0.9,-3.0,1.2,2.8,5.0,-0.4
2013-06-01,1.71579,7.5,320400.0,16728.687,-1.0,0.6,1.6,2.7,3.1,3.7,-2.9,0.8,2.0,-0.3,2.9,4.4,1.4,-2.3,-1.3,-0.4,-0.4,1.4,1.8,2.5,3.0,3.0,-3.0,0.3,1.9,-0.1,2.7,4.4,1.6,-1.7,-0.5,-0.4,1.0,2.5,1.5,2.6,3.0,1.6,-2.2,-0.1,1.9,-0.3,1.7,4.1,2.4,0.3,0.6,-0.4,-0.3,0.9,-5.7,2.2,-3.3,1.6,1.8,0.3,2.5,2.9,0.9,-1.2,1.5,2.8,3.1,-0.4,0.6,2.1,1.5,1.2,1.7,0.6,-0.1,1.6,2.8,2.2,-0.4,3.8,1.9,-1.8,4.8,5.2,0.9,-3.0,1.2,2.8,5.0,-0.4
2013-07-01,1.09473,7.3,324400.0,16953.838,2.9,4.5,1.6,-0.9,-3.1,-3.7,9.7,2.0,1.9,-0.3,-5.6,0.7,6.7,14.7,2.6,2.3,2.7,4.6,1.8,-1.1,-3.3,-3.7,9.1,1.8,2.0,-0.2,-5.4,0.7,6.4,14.1,2.5,2.3,-4.3,-2.5,1.9,-0.2,-2.4,4.3,2.3,3.5,2.0,0.0,0.8,1.7,0.9,-0.2,-4.4,2.3,5.6,4.7,-3.6,3.0,-6.0,-0.4,0.9,1.3,0.1,-2.1,0.5,0.4,1.0,1.4,0.6,2.3,0.2,1.9,1.7,0.8,-1.5,0.5,0.4,1.3,2.5,1.5,2.3,-0.2,0.4,0.7,-1.2,-3.3,-0.9,0.3,0.4,-0.5,0.2,2.3
2013-08-01,1.09473,7.2,324400.0,16953.838,2.9,4.5,1.6,-0.9,-3.1,-3.7,9.7,2.0,1.9,-0.3,-5.6,0.7,6.7,14.7,2.6,2.3,2.7,4.6,1.8,-1.1,-3.3,-3.7,9.1,1.8,2.0,-0.2,-5.4,0.7,6.4,14.1,2.5,2.3,-4.3,-2.5,1.9,-0.2,-2.4,4.3,2.3,3.5,2.0,0.0,0.8,1.7,0.9,-0.2,-4.4,2.3,5.6,4.7,-3.6,3.0,-6.0,-0.4,0.9,1.3,0.1,-2.1,0.5,0.4,1.0,1.4,0.6,2.3,0.2,1.9,1.7,0.8,-1.5,0.5,0.4,1.3,2.5,1.5,2.3,-0.2,0.4,0.7,-1.2,-3.3,-0.9,0.3,0.4,-0.5,0.2,2.3
2013-09-01,1.09473,7.2,324400.0,16953.838,2.9,4.5,1.6,-0.9,-3.1,-3.7,9.7,2.0,1.9,-0.3,-5.6,0.7,6.7,14.7,2.6,2.3,2.7,4.6,1.8,-1.1,-3.3,-3.7,9.1,1.8,2.0,-0.2,-5.4,0.7,6.4,14.1,2.5,2.3,-4.3,-2.5,1.9,-0.2,-2.4,4.3,2.3,3.5,2.0,0.0,0.8,1.7,0.9,-0.2,-4.4,2.3,5.6,4.7,-3.6,3.0,-6.0,-0.4,0.9,1.3,0.1,-2.1,0.5,0.4,1.0,1.4,0.6,2.3,0.2,1.9,1.7,0.8,-1.5,0.5,0.4,1.3,2.5,1.5,2.3,-0.2,0.4,0.7,-1.2,-3.3,-0.9,0.3,0.4,-0.5,0.2,2.3
2013-10-01,1.51284,7.2,334400.0,17192.019,3.9,5.1,1.1,3.3,1.7,-0.6,6.2,2.4,1.9,-0.7,-2.9,4.4,7.6,11.6,3.2,1.5,3.6,4.9,1.3,3.0,1.5,-0.5,4.5,1.7,1.9,-0.7,-2.2,4.3,6.6,9.5,2.9,1.5,0.6,2.1,1.4,3.8,2.2,3.1,1.8,2.5,2.3,-0.8,0.6,5.3,4.7,3.9,-0.2,1.5,4.3,3.5,-3.1,6.5,-1.1,1.4,2.4,1.0,2.3,0.8,0.9,1.6,-0.7,3.3,0.7,1.5,3.9,5.2,1.2,-0.2,-1.7,-3.9,0.9,0.3,1.0,4.2,1.5,-0.2,0.3,0.5,7.1,5.5,7.4,2.9,-2.3,7.7,-2.6,1.5
2013-11-01,1.51284,6.9,334400.0,17192.019,3.9,5.1,1.1,3.3,1.7,-0.6,6.2,2.4,1.9,-0.7,-2.9,4.4,7.6,11.6,3.2,1.5,3.6,4.9,1.3,3.0,1.5,-0.5,4.5,1.7,1.9,-0.7,-2.2,4.3,6.6,9.5,2.9,1.5,0.6,2.1,1.4,3.8,2.2,3.1,1.8,2.5,2.3,-0.8,0.6,5.3,4.7,3.9,-0.2,1.5,4.3,3.5,-3.1,6.5,-1.1,1.4,2.4,1.0,2.3,0.8,0.9,1.6,-0.7,3.3,0.7,1.5,3.9,5.2,1.2,-0.2,-1.7,-3.9,0.9,0.3,1.0,4.2,1.5,-0.2,0.3,0.5,7.1,5.5,7.4,2.9,-2.3,7.7,-2.6,1.5
2013-12-01,1.51284,6.7,334400.0,17192.019,3.9,5.1,1.1,3.3,1.7,-0.6,6.2,2.4,1.9,-0.7,-2.9,4.4,7.6,11.6,3.2,1.5,3.6,4.9,1.3,3.0,1.5,-0.5,4.5,1.7,1.9,-0.7,-2.2,4.3,6.6,9.5,2.9,1.5,0.6,2.1,1.4,3.8,2.2,3.1,1.8,2.5,2.3,-0.8,0.6,5.3,4.7,3.9,-0.2,1.5,4.3,3.5,-3.1,6.5,-1.1,1.4,2.4,1.0,2.3,0.8,0.9,1.6,-0.7,3.3,0.7,1.5,3.9,5.2,1.2,-0.2,-1.7,-3.9,0.9,0.3,1.0,4.2,1.5,-0.2,0.3,0.5,7.1,5.5,7.4,2.9,-2.3,7.7,-2.6,1.5
2014-01-01,1.61269,6.6,331400.0,17197.738,-3.3,-1.8,1.5,7.9,5.2,11.5,-10.6,1.1,1.6,-0.1,10.3,9.6,-0.7,-12.2,-3.4,2.6,-3.2,-2.0,1.3,8.1,5.4,11.7,-10.3,1.3,1.7,-0.4,10.3,9.5,-0.7,-12.1,-3.6,2.6,1.6,3.2,1.5,6.6,3.9,4.9,-7.7,-0.7,1.7,-0.2,5.6,8.2,2.4,-4.8,1.4,2.6,0.4,3.4,-22.3,3.6,-19.8,-1.0,-1.1,-0.1,8.0,5.3,9.1,1.5,-1.6,7.9,-2.6,2.6,0.1,0.4,0.3,7.3,4.6,7.2,2.2,-1.9,7.6,-1.8,2.6,-0.9,-1.8,-0.9,9.3,6.6,10.3,0.3,-1.2,8.4,-2.1,2.6
2014-02-01,1.61269,6.7,331400.0,17197.738,-3.3,-1.8,1.5,7.9,5.2,11.5,-10.6,1.1,1.6,-0.1,10.3,9.6,-0.7,-12.2,-3.4,2.6,-3.2,-2.0,1.3,8.1,5.4,11.7,-10.3,1.3,1.7,-0.4,10.3,9.5,-0.7,-12.1,-3.6,2.6,1.6,3.2,1.5,6.6,3.9,4.9,-7.7,-0.7,1.7,-0.2,5.6,8.2,2.4,-4.8,1.4,2.6,0.4,3.4,-22.3,3.6,-19.8,-1.0,-1.1,-0.1,8.0,5.3,9.1,1.5,-1.6,7.9,-2.6,2.6,0.1,0.4,0.3,7.3,4.6,7.2,2.2,-1.9,7.6,-1.8,2.6,-0.9,-1.8,-0.9,9.3,6.6,10.3,0.3,-1.2,8.4,-2.1,2.6
2014-03-01,1.61269,6.7,331400.0,17197.738,-3.3,-1.8,1.5,7.9,5.2,11.5,-10.6,1.1,1.6,-0.1,10.3,9.6,-0.7,-12.2,-3.4,2.6,-3.2,-2.0,1.3,8.1,5.4,11.7,-10.3,1.3,1.7,-0.4,10.3,9.5,-0.7,-12.1,-3.6,2.6,1.6,3.2,1.5,6.6,3.9,4.9,-7.7,-0.7,1.7,-0.2,5.6,8.2,2.4,-4.8,1.4,2.6,0.4,3.4,-22.3,3.6,-19.8,-1.0,-1.1,-0.1,8.0,5.3,9.1,1.5,-1.6,7.9,-2.6,2.6,0.1,0.4,0.3,7.3,4.6,7.2,2.2,-1.9,7.6,-1.8,2.6,-0.9,-1.8,-0.9,9.3,6.6,10.3,0.3,-1.2,8.4,-2.1,2.6
2014-04-01,2.05898,6.2,340600.0,17518.508,2.6,7.0,4.3,-2.2,-4.3,-4.7,11.1,1.9,2.7,1.6,-6.5,2.0,9.1,18.9,4.2,2.2,2.4,7.0,4.4,-2.4,-4.4,-4.7,12.1,2.4,2.7,1.7,-6.9,2.0,9.6,19.9,4.2,2.2,1.3,6.0,4.7,-0.6,-2.7,-1.9,11.7,3.7,2.7,1.9,-5.4,4.0,9.9,18.4,3.2,2.2,-0.8,-1.5,42.1,5.1,50.6,0.2,4.6,4.4,-2.2,-4.3,-2.4,0.7,3.7,2.1,3.9,2.2,0.8,6.9,6.1,-2.6,-4.7,-3.4,1.7,4.3,3.3,5.1,2.2,1.9,3.5,1.5,-1.7,-3.8,-3.6,-1.0,2.6,-0.2,4.5,2.2
2014-05-01,2.05898,6.3,340600.0,17518.508,2.6,7.0,4.3,-2.2,-4.3,-4.7,11.1,1.9,2.7,1.6,-6.5,2.0,9.1,18.9,4.2,2.2,2.4,7.0,4.4,-2.4,-4.4,-4.7,12.1,2.4,2.7,1.7,-6.9,2.0,9.6,19.9,4.2,2.2,1.3,6.0,4.7,-0.6,-2.7,-1.9,11.7,3.7,2.7,1.9,-5.4,4.0,9.9,18.4,3.2,2.2,-0.8,-1.5,42.1,5.1,50.6,0.2,4.6,4.4,-2.2,-4.3,-2.4,0.7,3.7,2.1,3.9,2.2,0.8,6.9,6.1,-2.6,-4.7,-3.4,1.7,4.3,3.3,5.1,2.2,1.9,3.5,1.5,-1.7,-3.8,-3.6,-1.0,2.6,-0.2,4.5,2.2
2014-06-01,2.05898,6.1,340600.0,17518.508,2.6,7.0,4.3,-2.2,-4.3,-4.7,11.1,1.9,2.7,1.6,-6.5,2.0,9.1,18.9,4.2,2.2,2.4,7.0,4.4,-2.4,-4.4,-4.7,12.1,2.4,2.7,1.7,-6.9,2.0,9.6,19.9,4.2,2.2,1.3,6.0,4.7,-0.6,-2.7,-1.9,11.7,3.7,2.7,1.9,-5.4,4.0,9.9,18.4,3.2,2.2,-0.8,-1.5,42.1,5.1,50.6,0.2,4.6,4.4,-2.2,-4.3,-2.4,0.7,3.7,2.1,3.9,2.2,0.8,6.9,6.1,-2.6,-4.7,-3.4,1.7,4.3,3.3,5.1,2.2,1.9,3.5,1.5,-1.7,-3.8,-3.6,-1.0,2.6,-0.2,4.5,2.2
2014-07-01,1.68405,6.2,340400.0,17804.228,3.5,6.8,3.2,2.2,1.1,-1.2,5.7,1.8,2.9,0.3,-3.0,5.5,8.7,12.9,3.8,1.1,2.7,6.7,3.8,1.4,0.3,-1.3,4.4,1.2,3.4,0.4,-2.5,5.3,8.0,11.3,3.2,1.1,4.2,7.3,3.0,2.5,1.4,-1.6,7.4,2.2,2.8,0.3,-3.7,5.6,9.7,15.3,4.5,1.1,-2.6,-1.9,28.8,4.6,38.2,-0.8,1.1,2.0,2.3,1.2,3.1,2.1,-0.2,4.3,-1.0,1.1,-0.2,3.1,3.3,2.0,1.0,2.2,2.8,0.5,5.5,0.3,1.1,0.9,0.5,-0.4,2.5,1.4,1.6,1.0,-1.3,2.1,-0.4,1.1
2014-08-01,1.68405,6.1,340400.0,17804.228,3.5,6.8,3.2,2.2,1.1,-1.2,5.7,1.8,2.9,0.3,-3.0,5.5,8.7,12.9,3.8,1.1,2.7,6.7,3.8,1.4,0.3,-1.3,4.4,1.2,3.4,0.4,-2.5,5.3,8.0,11.3,3.2,1.1,4.2,7.3,3.0,2.5,1.4,-1.6,7.4,2.2,2.8,0.3,-3.7,5.6,9.7,15.3,4.5,1.1,-2.6,-1.9,28.8,4.6,38.2,-0.8,1.1,2.0,2.3,1.2,3.1,2.1,-0.2,4.3,-1.0,1.1,-0.2,3.1,3.3,2.0,1.0,2.2,2.8,0.5,5.5,0.3,1.1,0.9,0.5,-0.4,2.5,1.4,1.6,1.0,-1.3,2.1,-0.4,1.1
2014-09-01,1.68405,5.9,340400.0,17804.228,3.5,6.8,3.2,2.2,1.1,-1.2,5.7,1.8,2.9,0.3,-3.0,5.5,8.7,12.9,3.8,1.1,2.7,6.7,3.8,1.4,0.3,-1.3,4.4,1.2,3.4,0.4,-2.5,5.3,8.0,11.3,3.2,1.1,4.2,7.3,3.0,2.5,1.4,-1.6,7.4,2.2,2.8,0.3,-3.7,5.6,9.7,15.3,4.5,1.1,-2.6,-1.9,28.8,4.6,38.2,-0.8,1.1,2.0,2.3,1.2,3.1,2.1,-0.2,4.3,-1.0,1.1,-0.2,3.1,3.3,2.0,1.0,2.2,2.8,0.5,5.5,0.3,1.1,0.9,0.5,-0.4,2.5,1.4,1.6,1.0,-1.3,2.1,-0.4,1.1
2014-10-01,0.65312,5.7,369400.0,17912.079,-1.4,2.7,4.1,4.4,5.4,5.9,-7.4,-0.3,3.0,1.1,6.1,8.7,2.4,-4.9,-0.3,-1.0,-1.6,2.7,4.3,4.1,5.1,5.8,-7.4,-0.3,3.1,1.2,6.1,8.6,2.3,-4.9,-0.4,-1.0,2.1,5.5,3.3,4.0,5.0,1.9,-2.2,0.1,2.5,0.8,1.8,7.5,5.6,3.2,2.9,-1.0,-1.5,0.8,-3.4,3.9,1.9,-4.4,-0.1,4.6,3.7,4.7,8.5,3.3,1.2,8.4,-3.3,-1.0,-2.3,0.8,3.1,5.2,6.2,7.7,2.9,0.2,8.5,-2.1,-1.0,-5.8,1.0,7.2,1.0,2.0,7.2,4.1,3.0,8.3,-3.0,-1.0
2014-11-01,0.65312,5.8,369400.0,17912.079,-1.4,2.7,4.1,4.4,5.4,5.9,-7.4,-0.3,3.0,1.1,6.1,8.7,2.4,-4.9,-0.3,-1.0,-1.6,2.7,4.3,4.1,5.1,5.8,-7.4,-0.3,3.1,1.2,6.1,8.6,2.3,-4.9,-0.4,-1.0,2.1,5.5,3.3,4.0,5.0,1.9,-2.2,0.1,2.5,0.8,1.8,7.5,5.6,3.2,2.9,-1.0,-1.5,0.8,-3.4,3.9,1.9,-4.4,-0.1,4.6,3.7,4.7,8.5,3.3,1.2,8.4,-3.3,-1.0,-2.3,0.8,3.1,5.2,6.2,7.7,2.9,0.2,8.5,-2.1,-1.0,-5.8,1.0,7.2,1.0,2.0,7.2,4.1,3.0,8.3,-3.0,-1.0
2014-12-01,0.65312,5.6,369400.0,17912.079,-1.4,2.7,4.1,4.4,5.4,5.9,-7.4,-0.3,3.0,1.1,6.1,8.7,2.4,-4.9,-0.3,-1.0,-1.6,2.7,4.3,4.1,5.1,5.8,-7.4,-0.3,3.1,1.2,6.1,8.6,2.3,-4.9,-0.4,-1.0,2.1,5.5,3.3,4.0,5.0,1.9,-2.2,0.1,2.5,0.8,1.8,7.5,5.6,3.2,2.9,-1.0,-1.5,0.8,-3.4,3.9,1.9,-4.4,-0.1,4.6,3.7,4.7,8.5,3.3,1.2,8.4,-3.3,-1.0,-2.3,0.8,3.1,5.2,6.2,7.7,2.9,0.2,8.5,-2.1,-1.0,-5.8,1.0,7.2,1.0,2.0,7.2,4.1,3.0,8.3,-3.0,-1.0
2015-01-01,-0.02203,5.7,348000.0,18063.529,2.3,4.4,2.0,4.7,7.4,2.4,-3.6,-0.3,2.2,-0.2,2.7,6.9,4.1,0.6,2.2,-2.5,2.4,4.6,2.2,4.5,7.2,2.1,-4.9,-1.1,2.2,0.0,3.2,6.8,3.5,-0.5,2.4,-2.5,2.5,3.5,1.0,4.7,7.3,2.1,-7.7,-2.2,1.8,-0.8,4.5,5.7,1.2,-4.4,1.6,-2.5,-0.7,1.2,-19.2,2.7,-16.4,-2.8,-4.5,-1.7,4.8,7.5,7.8,-0.3,-1.4,3.0,-4.1,-2.5,-2.6,-5.0,-2.5,6.0,8.7,8.8,-0.3,-2.2,3.4,-4.7,-2.5,-1.2,-1.7,-0.5,2.7,5.3,3.9,-0.4,0.0,2.2,-1.2,-2.5
2015-02-01,-0.02203,5.5,348000.0,18063.529,2.3,4.4,2.0,4.7,7.4,2.4,-3.6,-0.3,2.2,-0.2,2.7,6.9,4.1,0.6,2.2,-2.5,2.4,4.6,2.2,4.5,7.2,2.1,-4.9,-1.1,2.2,0.0,3.2,6.8,3.5,-0.5,2.4,-2.5,2.5,3.5,1.0,4.7,7.3,2.1,-7.7,-2.2,1.8,-0.8,4.5,5.7,1.2,-4.4,1.6,-2.5,-0.7,1.2,-19.2,2.7,-16.4,-2.8,-4.5,-1.7,4.8,7.5,7.8,-0.3,-1.4,3.0,-4.1,-2.5,-2.6,-5.0,-2.5,6.0,8.7,8.8,-0.3,-2.2,3.4,-4.7,-2.5,-1.2,-1.7,-0.5,2.7,5.3,3.9,-0.4,0.0,2.2,-1.2,-2.5
2015-03-01,-0.02203,5.4,348000.0,18063.529,2.3,4.4,2.0,4.7,7.4,2.4,-3.6,-0.3,2.2,-0.2,2.7,6.9,4.1,0.6,2.2,-2.5,2.4,4.6,2.2,4.5,7.2,2.1,-4.9,-1.1,2.2,0.0,3.2,6.8,3.5,-0.5,2.4,-2.5,2.5,3.5,1.0,4.7,7.3,2.1,-7.7,-2.2,1.8,-0.8,4.5,5.7,1.2,-4.4,1.6,-2.5,-0.7,1.2,-19.2,2.7,-16.4,-2.8,-4.5,-1.7,4.8,7.5,7.8,-0.3,-1.4,3.0,-4.1,-2.5,-2.6,-5.0,-2.5,6.0,8.7,8.8,-0.3,-2.2,3.4,-4.7,-2.5,-1.2,-1.7,-0.5,2.7,5.3,3.9,-0.4,0.0,2.2,-1.2,-2.5
2015-04-01,0.17957,5.4,339700.0,18279.784,2.0,3.1,1.1,3.6,0.8,1.6,3.1,2.2,2.0,-0.9,-0.6,4.7,5.4,6.3,1.0,2.8,2.3,3.1,0.8,3.8,1.0,1.5,3.2,2.3,2.0,-1.1,-0.7,4.7,5.4,6.4,1.1,2.8,-1.7,-1.5,0.2,4.3,1.5,6.1,0.5,3.7,1.9,-1.6,2.3,4.5,2.1,-1.0,-3.3,2.8,4.9,5.7,-7.4,3.3,-8.8,0.7,-1.2,-1.9,2.9,0.1,2.2,0.8,-2.7,0.9,-2.0,2.8,1.1,-1.1,-2.2,3.5,0.7,2.3,0.6,-2.8,1.2,-1.7,2.8,1.7,0.3,-1.3,1.8,-0.9,0.2,1.0,-2.3,0.5,-0.7,2.8
2015-05-01,0.17957,5.6,339700.0,18279.784,2.0,3.1,1.1,3.6,0.8,1.6,3.1,2.2,2.0,-0.9,-0.6,4.7,5.4,6.3,1.0,2.8,2.3,3.1,0.8,3.8,1.0,1.5,3.2,2.3,2.0,-1.1,-0.7,4.7,5.4,6.4,1.1,2.8,-1.7,-1.5,0.2,4.3,1.5,6.1,0.5,3.7,1.9,-1.6,2.3,4.5,2.1,-1.0,-3.3,2.8,4.9,5.7,-7.4,3.3,-8.8,0.7,-1.2,-1.9,2.9,0.1,2.2,0.8,-2.7,0.9,-2.0,2.8,1.1,-1.1,-2.2,3.5,0.7,2.3,0.6,-2.8,1.2,-1.7,2.8,1.7,0.3,-1.3,1.8,-0.9,0.2,1.0,-2.3,0.5,-0.7,2.8
2015-06-01,0.17957,5.3,339700.0,18279.784,2.0,3.1,1.1,3.6,0.8,1.6,3.1,2.2,2.0,-0.9,-0.6,4.7,5.4,6.3,1.0,2.8,2.3,3.1,0.8,3.8,1.0,1.5,3.2,2.3,2.0,-1.1,-0.7,4.7,5.4,6.4,1.1,2.8,-1.7,-1.5,0.2,4.3,1.5,6.1,0.5,3.7,1.9,-1.6,2.3,4.5,2.1,-1.0,-3.3,2.8,4.9,5.7,-7.4,3.3,-8.8,0.7,-1.2,-1.9,2.9,0.1,2.2,0.8,-2.7,0.9,-2.0,2.8,1.1,-1.1,-2.2,3.5,0.7,2.3,0.6,-2.8,1.2,-1.7,2.8,1.7,0.3,-1.3,1.8,-0.9,0.2,1.0,-2.3,0.5,-0.7,2.8
2015-07-01,0.00884,5.2,347400.0,18401.626,1.1,1.6,0.5,2.5,0.9,1.4,0.0,0.8,2.4,-1.9,0.6,3.0,2.4,1.6,-0.8,1.6,1.1,1.7,0.7,2.3,0.7,1.3,0.2,0.8,2.5,-1.8,0.5,3.0,2.5,1.9,-0.7,1.6,2.7,3.4,0.7,3.7,2.1,0.9,2.6,1.6,1.8,-1.1,-0.7,4.4,5.1,6.1,1.5,1.6,-1.1,0.3,10.1,2.3,13.8,-0.9,0.9,1.8,1.6,0.0,2.5,1.7,0.1,3.5,-0.8,1.6,-0.4,-0.1,0.3,2.8,1.2,3.1,1.2,-0.9,3.0,-1.2,1.6,-1.5,3.0,4.5,-0.2,-1.8,1.3,2.8,1.6,4.3,0.1,1.6
2015-08-01,0.00884,5.1,347400.0,18401.626,1.1,1.6,0.5,2.5,0.9,1.4,0.0,0.8,2.4,-1.9,0.6,3.0,2.4,1.6,-0.8,1.6,1.1,1.7,0.7,2.3,0.7,1.3,0.2,0.8,2.5,-1.8,0.5,3.0,2.5,1.9,-0.7,1.6,2.7,3.4,0.7,3.7,2.1,0.9,2.6,1.6,1.8,-1.1,-0.7,4.4,5.1,6.1,1.5,1.6,-1.1,0.3,10.1,2.3,13.8,-0.9,0.9,1.8,1.6,0.0,2.5,1.7,0.1,3.5,-0.8,1.6,-0.4,-0.1,0.3,2.8,1.2,3.1,1.2,-0.9,3.0,-1.2,1.6,-1.5,3.0,4.5,-0.2,-1.8,1.3,2.8,1.6,4.3,0.1,1.6
2015-09-01,0.00884,5.0,347400.0,18401.626,1.1,1.6,0.5,2.5,0.9,1.4,0.0,0.8,2.4,-1.9,0.6,3.0,2.4,1.6,-0.8,1.6,1.1,1.7,0.7,2.3,0.7,1.3,0.2,0.8,2.5,-1.8,0.5,3.0,2.5,1.9,-0.7,1.6,2.7,3.4,0.7,3.7,2.1,0.9,2.6,1.6,1.8,-1.1,-0.7,4.4,5.1,6.1,1.5,1.6,-1.1,0.3,10.1,2.3,13.8,-0.9,0.9,1.8,1.6,0.0,2.5,1.7,0.1,3.5,-0.8,1.6,-0.4,-0.1,0.3,2.8,1.2,3.1,1.2,-0.9,3.0,-1.2,1.6,-1.5,3.0,4.5,-0.2,-1.8,1.3,2.8,1.6,4.3,0.1,1.6
2015-10-01,0.63872,5.0,366700.0,18435.137,-2.4,0.4,2.9,-0.8,-0.8,1.7,-2.8,-0.3,2.0,1.0,2.0,2.1,0.1,-2.4,-1.5,0.0,-2.4,0.6,3.1,-0.9,-0.9,1.5,-3.1,-0.5,2.1,0.9,2.1,2.1,0.0,-2.5,-1.5,0.0,-3.3,-0.4,3.0,0.3,0.3,3.8,-2.8,1.0,2.0,1.0,2.8,3.3,0.5,-3.2,-2.4,0.0,16.0,7.7,-32.1,15.5,-32.4,-2.0,-1.8,0.1,-0.1,-0.1,1.9,1.0,-0.8,0.1,-2.8,0.0,-4.7,-5.0,-0.3,-0.8,-0.8,4.1,-0.7,0.3,-1.1,-4.4,0.0,1.1,2.1,0.9,1.3,1.4,0.3,3.7,-2.7,2.3,-1.6,0.0
2015-11-01,0.63872,5.1,366700.0,18435.137,-2.4,0.4,2.9,-0.8,-0.8,1.7,-2.8,-0.3,2.0,1.0,2.0,2.1,0.1,-2.4,-1.5,0.0,-2.4,0.6,3.1,-0.9,-0.9,1.5,-3.1,-0.5,2.1,0.9,2.1,2.1,0.0,-2.5,-1.5,0.0,-3.3,-0.4,3.0,0.3,0.3,3.8,-2.8,1.0,2.0,1.0,2.8,3.3,0.5,-3.2,-2.4,0.0,16.0,7.7,-32.1,15.5,-32.4,-2.0,-1.8,0.1,-0.1,-0.1,1.9,1.0,-0.8,0.1,-2.8,0.0,-4.7,-5.0,-0.3,-0.8,-0.8,4.1,-0.7,0.3,-1.1,-4.4,0.0,1.1,2.1,0.9,1.3,1.4,0.3,3.7,-2.7,2.3,-1.6,0.0
2015-12-01,0.63872,5.0,366700.0,18435.137,-2.4,0.4,2.9,-0.8,-0.8,1.7,-2.8,-0.3,2.0,1.0,2.0,2.1,0.1,-2.4,-1.5,0.0,-2.4,0.6,3.1,-0.9,-0.9,1.5,-3.1,-0.5,2.1,0.9,2.1,2.1,0.0,-2.5,-1.5,0.0,-3.3,-0.4,3.0,0.3,0.3,3.8,-2.8,1.0,2.0,1.0,2.8,3.3,0.5,-3.2,-2.4,0.0,16.0,7.7,-32.1,15.5,-32.4,-2.0,-1.8,0.1,-0.1,-0.1,1.9,1.0,-0.8,0.1,-2.8,0.0,-4.7,-5.0,-0.3,-0.8,-0.8,4.1,-0.7,0.3,-1.1,-4.4,0.0,1.1,2.1,0.9,1.3,1.4,0.3,3.7,-2.7,2.3,-1.6,0.0
2016-01-01,0.89162,4.8,357000.0,18525.933,1.7,2.8,1.0,0.1,0.4,-1.5,0.9,-0.5,1.8,-0.8,-1.1,1.2,2.2,3.7,0.9,-0.2,1.7,2.7,1.0,0.2,0.4,-1.5,-0.1,-0.9,1.7,-0.7,-0.6,1.2,1.8,2.6,1.0,-0.2,2.2,2.8,0.6,-0.9,-0.6,-3.0,-1.7,-2.4,1.3,-0.7,-0.6,-0.2,0.3,1.1,1.5,-0.2,-15.1,-7.1,32.9,-12.7,36.7,2.4,1.0,-1.4,-0.5,-0.2,-2.8,-1.3,-0.1,-1.9,2.3,-0.2,-0.3,-1.3,-1.1,0.3,0.5,0.5,-1.2,0.1,-0.8,-0.1,-0.2,5.3,3.2,-2.0,-1.9,-1.7,-6.9,-1.5,-0.5,-3.9,4.8,-0.2
2016-02-01,0.89162,4.9,357000.0,18525.933,1.7,2.8,1.0,0.1,0.4,-1.5,0.9,-0.5,1.8,-0.8,-1.1,1.2,2.2,3.7,0.9,-0.2,1.7,2.7,1.0,0.2,0.4,-1.5,-0.1,-0.9,1.7,-0.7,-0.6,1.2,1.8,2.6,1.0,-0.2,2.2,2.8,0.6,-0.9,-0.6,-3.0,-1.7,-2.4,1.3,-0.7,-0.6,-0.2,0.3,1.1,1.5,-0.2,-15.1,-7.1,32.9,-12.7,36.7,2.4,1.0,-1.4,-0.5,-0.2,-2.8,-1.3,-0.1,-1.9,2.3,-0.2,-0.3,-1.3,-1.1,0.3,0.5,0.5,-1.2,0.1,-0.8,-0.1,-0.2,5.3,3.2,-2.0,-1.9,-1.7,-6.9,-1.5,-0.5,-3.9,4.8,-0.2
2016-03-01,0.89162,5.0,357000.0,18525.933,1.7,2.8,1.0,0.1,0.4,-1.5,0.9,-0.5,1.8,-0.8,-1.1,1.2,2.2,3.7,0.9,-0.2,1.7,2.7,1.0,0.2,0.4,-1.5,-0.1,-0.9,1.7,-0.7,-0.6,1.2,1.8,2.6,1.0,-0.2,2.2,2.8,0.6,-0.9,-0.6,-3.0,-1.7,-2.4,1.3,-0.7,-0.6,-0.2,0.3,1.1,1.5,-0.2,-15.1,-7.1,32.9,-12.7,36.7,2.4,1.0,-1.4,-0.5,-0.2,-2.8,-1.3,-0.1,-1.9,2.3,-0.2,-0.3,-1.3,-1.1,0.3,0.5,0.5,-1.2,0.1,-0.8,-0.1,-0.2,5.3,3.2,-2.0,-1.9,-1.7,-6.9,-1.5,-0.5,-3.9,4.8,-0.2
2016-04-01,1.07929,5.1,357900.0,18711.702,0.3,1.3,1.0,1.5,-1.8,1.2,5.5,3.1,2.1,-1.1,-1.8,2.5,4.4,6.9,-0.8,3.3,0.0,1.4,1.4,1.0,-2.2,1.1,5.4,3.0,2.4,-1.0,-1.8,2.5,4.4,6.9,-1.0,3.3,-5.5,-5.1,0.5,2.1,-1.2,8.0,-2.8,3.4,1.4,-0.9,4.5,2.6,-1.9,-7.7,-6.3,3.3,8.7,8.3,-22.6,3.2,-26.5,-1.7,-0.3,1.4,-0.8,-3.9,0.9,-1.2,2.6,0.6,0.9,3.3,-0.3,0.1,0.4,-0.3,-3.5,0.0,-2.7,3.2,0.1,2.9,3.3,-4.0,-1.0,3.1,-1.5,-4.6,2.6,1.5,1.6,1.6,-2.4,3.3
2016-05-01,1.07929,4.8,357900.0,18711.702,0.3,1.3,1.0,1.5,-1.8,1.2,5.5,3.1,2.1,-1.1,-1.8,2.5,4.4,6.9,-0.8,3.3,0.0,1.4,1.4,1.0,-2.2,1.1,5.4,3.0,2.4,-1.0,-1.8,2.5,4.4,6.9,-1.0,3.3,-5.5,-5.1,0.5,2.1,-1.2,8.0,-2.8,3.4,1.4,-0.9,4.5,2.6,-1.9,-7.7,-6.3,3.3,8.7,8.3,-22.6,3.2,-26.5,-1.7,-0.3,1.4,-0.8,-3.9,0.9,-1.2,2.6,0.6,0.9,3.3,-0.3,0.1,0.4,-0.3,-3.5,0.0,-2.7,3.2,0.1,2.9,3.3,-4.0,-1.0,3.1,-1.5,-4.6,2.6,1.5,1.6,1.6,-2.4,3.3
2016-06-01,1.07929,4.9,357900.0,18711.702,0.3,1.3,1.0,1.5,-1.8,1.2,5.5,3.1,2.1,-1.1,-1.8,2.5,4.4,6.9,-0.8,3.3,0.0,1.4,1.4,1.0,-2.2,1.1,5.4,3.0,2.4,-1.0,-1.8,2.5,4.4,6.9,-1.0,3.3,-5.5,-5.1,0.5,2.1,-1.2,8.0,-2.8,3.4,1.4,-0.9,4.5,2.6,-1.9,-7.7,-6.3,3.3,8.7,8.3,-22.6,3.2,-26.5,-1.7,-0.3,1.4,-0.8,-3.9,0.9,-1.2,2.6,0.6,0.9,3.3,-0.3,0.1,0.4,-0.3,-3.5,0.0,-2.7,3.2,0.1,2.9,3.3,-4.0,-1.0,3.1,-1.5,-4.6,2.6,1.5,1.6,1.6,-2.4,3.3
2016-07-01,1.54864,4.8,358800.0,18892.639,1.4,3.4,2.0,1.7,0.0,0.4,1.8,1.0,2.0,0.0,-0.6,3.7,4.4,5.2,1.4,1.7,1.5,3.4,1.9,1.9,0.1,0.3,1.2,0.7,2.0,0.0,-0.4,3.8,4.2,4.7,1.5,1.7,3.0,4.5,1.5,2.5,0.8,-0.4,-0.4,-0.4,1.7,-0.2,0.0,4.0,4.0,4.0,2.7,1.7,0.3,-0.2,-2.0,4.8,2.4,0.1,0.1,0.0,2.5,0.8,2.4,1.8,-1.7,2.5,-1.6,1.7,3.4,0.6,-2.7,4.8,3.0,1.4,1.1,-3.8,1.9,-0.5,1.7,-5.0,-0.4,4.7,-1.1,-2.7,4.1,2.8,1.9,3.6,-3.2,1.7
2016-08-01,1.54864,4.9,358800.0,18892.639,1.4,3.4,2.0,1.7,0.0,0.4,1.8,1.0,2.0,0.0,-0.6,3.7,4.4,5.2,1.4,1.7,1.5,3.4,1.9,1.9,0.1,0.3,1.2,0.7,2.0,0.0,-0.4,3.8,4.2,4.7,1.5,1.7,3.0,4.5,1.5,2.5,0.8,-0.4,-0.4,-0.4,1.7,-0.2,0.0,4.0,4.0,4.0,2.7,1.7,0.3,-0.2,-2.0,4.8,2.4,0.1,0.1,0.0,2.5,0.8,2.4,1.8,-1.7,2.5,-1.6,1.7,3.4,0.6,-2.7,4.8,3.0,1.4,1.1,-3.8,1.9,-0.5,1.7,-5.0,-0.4,4.7,-1.1,-2.7,4.1,2.8,1.9,3.6,-3.2,1.7
2016-09-01,1.54864,5.0,358800.0,18892.639,1.4,3.4,2.0,1.7,0.0,0.4,1.8,1.0,2.0,0.0,-0.6,3.7,4.4,5.2,1.4,1.7,1.5,3.4,1.9,1.9,0.1,0.3,1.2,0.7,2.0,0.0,-0.4,3.8,4.2,4.7,1.5,1.7,3.0,4.5,1.5,2.5,0.8,-0.4,-0.4,-0.4,1.7,-0.2,0.0,4.0,4.0,4.0,2.7,1.7,0.3,-0.2,-2.0,4.8,2.4,0.1,0.1,0.0,2.5,0.8,2.4,1.8,-1.7,2.5,-1.6,1.7,3.4,0.6,-2.7,4.8,3.0,1.4,1.1,-3.8,1.9,-0.5,1.7,-5.0,-0.4,4.7,-1.1,-2.7,4.1,2.8,1.9,3.6,-3.2,1.7
2016-10-01,2.0508,4.9,364900.0,19089.379,2.7,3.1,0.4,4.4,1.8,1.6,1.9,1.7,1.2,-0.9,-0.1,4.8,4.9,5.1,1.9,2.5,3.4,2.8,-0.6,5.6,3.0,2.0,1.3,1.7,0.4,-1.0,0.3,4.9,4.6,4.2,2.4,2.5,2.1,1.9,-0.2,5.9,3.3,3.6,0.5,2.3,0.7,-0.9,1.3,5.7,4.3,2.4,1.2,2.5,7.0,4.7,-12.3,9.0,-10.6,1.5,-0.1,-1.6,4.8,2.2,3.3,-0.9,-0.6,3.2,0.8,2.5,0.6,0.3,-0.3,3.6,1.0,3.0,-1.1,0.8,3.2,1.3,2.5,3.3,-0.5,-3.7,6.9,4.3,3.5,-0.8,-2.9,3.0,0.4,2.5
2016-11-01,2.0508,4.7,364900.0,19089.379,2.7,3.1,0.4,4.4,1.8,1.6,1.9,1.7,1.2,-0.9,-0.1,4.8,4.9,5.1,1.9,2.5,3.4,2.8,-0.6,5.6,3.0,2.0,1.3,1.7,0.4,-1.0,0.3,4.9,4.6,4.2,2.4,2.5,2.1,1.9,-0.2,5.9,3.3,3.6,0.5,2.3,0.7,-0.9,1.3,5.7,4.3,2.4,1.2,2.5,7.0,4.7,-12.3,9.0,-10.6,1.5,-0.1,-1.6,4.8,2.2,3.3,-0.9,-0.6,3.2,0.8,2.5,0.6,0.3,-0.3,3.6,1.0,3.0,-1.1,0.8,3.2,1.3,2.5,3.3,-0.5,-3.7,6.9,4.3,3.5,-0.8,-2.9,3.0,0.4,2.5
2016-12-01,2.0508,4.7,364900.0,19089.379,2.7,3.1,0.4,4.4,1.8,1.6,1.9,1.7,1.2,-0.9,-0.1,4.8,4.9,5.1,1.9,2.5,3.4,2.8,-0.6,5.6,3.0,2.0,1.3,1.7,0.4,-1.0,0.3,4.9,4.6,4.2,2.4,2.5,2.1,1.9,-0.2,5.9,3.3,3.6,0.5,2.3,0.7,-0.9,1.3,5.7,4.3,2.4,1.2,2.5,7.0,4.7,-12.3,9.0,-10.6,1.5,-0.1,-1.6,4.8,2.2,3.3,-0.9,-0.6,3.2,0.8,2.5,0.6,0.3,-0.3,3.6,1.0,3.0,-1.1,0.8,3.2,1.3,2.5,3.3,-0.5,-3.7,6.9,4.3,3.5,-0.8,-2.9,3.0,0.4,2.5
2017-01-01,2.4412,4.7,374800.0,19280.084,0.7,2.1,1.4,4.1,1.1,3.4,-0.8,1.5,2.0,-0.6,1.8,5.5,3.6,1.3,0.0,2.9,0.3,2.2,1.8,3.5,0.6,3.2,0.5,2.0,2.3,-0.5,1.2,5.4,4.2,2.7,-0.1,2.9,3.0,4.0,1.0,5.0,2.1,1.9,3.6,2.6,1.6,-0.6,-0.7,6.0,6.8,7.8,2.4,2.9,-1.6,0.8,16.0,2.4,20.7,-2.1,-1.3,0.9,3.7,0.8,6.0,1.6,-0.7,4.6,-2.8,2.9,-0.6,0.3,0.9,4.1,1.2,4.8,0.2,0.8,5.1,0.1,2.9,-3.4,-2.8,0.7,3.0,0.1,6.7,4.1,-3.3,3.7,-6.6,2.9
2017-02-01,2.4412,4.6,374800.0,19280.084,0.7,2.1,1.4,4.1,1.1,3.4,-0.8,1.5,2.0,-0.6,1.8,5.5,3.6,1.3,0.0,2.9,0.3,2.2,1.8,3.5,0.6,3.2,0.5,2.0,2.3,-0.5,1.2,5.4,4.2,2.7,-0.1,2.9,3.0,4.0,1.0,5.0,2.1,1.9,3.6,2.6,1.6,-0.6,-0.7,6.0,6.8,7.8,2.4,2.9,-1.6,0.8,16.0,2.4,20.7,-2.1,-1.3,0.9,3.7,0.8,6.0,1.6,-0.7,4.6,-2.8,2.9,-0.6,0.3,0.9,4.1,1.2,4.8,0.2,0.8,5.1,0.1,2.9,-3.4,-2.8,0.7,3.0,0.1,6.7,4.1,-3.3,3.7,-6.6,2.9
2017-03-01,2.4412,4.4,374800.0,19280.084,0.7,2.1,1.4,4.1,1.1,3.4,-0.8,1.5,2.0,-0.6,1.8,5.5,3.6,1.3,0.0,2.9,0.3,2.2,1.8,3.5,0.6,3.2,0.5,2.0,2.3,-0.5,1.2,5.4,4.2,2.7,-0.1,2.9,3.0,4.0,1.0,5.0,2.1,1.9,3.6,2.6,1.6,-0.6,-0.7,6.0,6.8,7.8,2.4,2.9,-1.6,0.8,16.0,2.4,20.7,-2.1,-1.3,0.9,3.7,0.8,6.0,1.6,-0.7,4.6,-2.8,2.9,-0.6,0.3,0.9,4.1,1.2,4.8,0.2,0.8,5.1,0.1,2.9,-3.4,-2.8,0.7,3.0,0.1,6.7,4.1,-3.3,3.7,-6.6,2.9
2017-04-01,1.64057,4.4,376900.0,19438.643,0.2,2.8,2.6,2.5,2.0,2.3,-1.3,0.7,1.5,1.1,1.5,5.1,3.5,1.5,1.3,0.4,0.0,2.6,2.6,2.3,1.9,2.3,-1.2,0.8,1.7,1.0,1.5,5.0,3.4,1.4,1.0,0.4,1.9,4.5,2.5,1.7,1.2,-0.2,0.1,-0.1,1.6,0.9,-0.1,4.2,4.4,4.6,2.8,0.4,2.5,0.7,-4.9,7.1,-0.7,1.6,2.4,0.8,3.8,3.3,2.1,0.3,0.6,4.6,2.2,0.4,2.8,3.2,0.3,6.3,5.8,3.4,0.8,-0.5,6.6,2.4,0.4,-0.1,1.7,1.8,-0.9,-1.4,-0.8,-0.5,2.3,0.9,2.2,0.4
2017-05-01,1.64057,4.4,376900.0,19438.643,0.2,2.8,2.6,2.5,2.0,2.3,-1.3,0.7,1.5,1.1,1.5,5.1,3.5,1.5,1.3,0.4,0.0,2.6,2.6,2.3,1.9,2.3,-1.2,0.8,1.7,1.0,1.5,5.0,3.4,1.4,1.0,0.4,1.9,4.5,2.5,1.7,1.2,-0.2,0.1,-0.1,1.6,0.9,-0.1,4.2,4.4,4.6,2.8,0.4,2.5,0.7,-4.9,7.1,-0.7,1.6,2.4,0.8,3.8,3.3,2.1,0.3,0.6,4.6,2.2,0.4,2.8,3.2,0.3,6.3,5.8,3.4,0.8,-0.5,6.6,2.4,0.4,-0.1,1.7,1.8,-0.9,-1.4,-0.8,-0.5,2.3,0.9,2.2,0.4
2017-06-01,1.64057,4.3,376900.0,19438.643,0.2,2.8,2.6,2.5,2.0,2.3,-1.3,0.7,1.5,1.1,1.5,5.1,3.5,1.5,1.3,0.4,0.0,2.6,2.6,2.3,1.9,2.3,-1.2,0.8,1.7,1.0,1.5,5.0,3.4,1.4,1.0,0.4,1.9,4.5,2.5,1.7,1.2,-0.2,0.1,-0.1,1.6,0.9,-0.1,4.2,4.4,4.6,2.8,0.4,2.5,0.7,-4.9,7.1,-0.7,1.6,2.4,0.8,3.8,3.3,2.1,0.3,0.6,4.6,2.2,0.4,2.8,3.2,0.3,6.3,5.8,3.4,0.8,-0.5,6.6,2.4,0.4,-0.1,1.7,1.8,-0.9,-1.4,-0.8,-0.5,2.3,0.9,2.2,0.4
2017-07-01,2.18057,4.3,373200.0,19692.595,3.3,4.2,0.9,5.3,3.3,1.9,2.3,2.1,1.8,-0.9,-0.2,6.2,6.4,6.6,2.4,1.9,3.3,4.0,0.7,5.4,3.4,2.0,1.9,2.0,1.7,-1.0,0.0,6.1,6.1,6.0,2.3,1.9,-1.2,0.1,1.2,4.1,2.1,5.3,-0.1,3.0,1.6,-0.3,2.2,5.4,3.1,-0.1,-1.5,1.9,3.8,4.8,-8.3,3.9,-8.3,-5.8,-2.3,3.7,1.2,-0.7,7.5,1.6,2.0,5.0,-3.9,1.9,-4.9,-2.4,2.6,1.8,-0.1,7.1,1.2,1.4,4.5,-3.6,1.9,-7.4,-2.4,5.5,0.4,-1.5,8.5,2.4,3.0,5.9,-4.7,1.9
2017-08-01,2.18057,4.4,373200.0,19692.595,3.3,4.2,0.9,5.3,3.3,1.9,2.3,2.1,1.8,-0.9,-0.2,6.2,6.4,6.6,2.4,1.9,3.3,4.0,0.7,5.4,3.4,2.0,1.9,2.0,1.7,-1.0,0.0,6.1,6.1,6.0,2.3,1.9,-1.2,0.1,1.2,4.1,2.1,5.3,-0.1,3.0,1.6,-0.3,2.2,5.4,3.1,-0.1,-1.5,1.9,3.8,4.8,-8.3,3.9,-8.3,-5.8,-2.3,3.7,1.2,-0.7,7.5,1.6,2.0,5.0,-3.9,1.9,-4.9,-2.4,2.6,1.8,-0.1,7.1,1.2,1.4,4.5,-3.6,1.9,-7.4,-2.4,5.5,0.4,-1.5,8.5,2.4,3.0,5.9,-4.7,1.9
2017-09-01,2.18057,4.3,373200.0,19692.595,3.3,4.2,0.9,5.3,3.3,1.9,2.3,2.1,1.8,-0.9,-0.2,6.2,6.4,6.6,2.4,1.9,3.3,4.0,0.7,5.4,3.4,2.0,1.9,2.0,1.7,-1.0,0.0,6.1,6.1,6.0,2.3,1.9,-1.2,0.1,1.2,4.1,2.1,5.3,-0.1,3.0,1.6,-0.3,2.2,5.4,3.1,-0.1,-1.5,1.9,3.8,4.8,-8.3,3.9,-8.3,-5.8,-2.3,3.7,1.2,-0.7,7.5,1.6,2.0,5.0,-3.9,1.9,-4.9,-2.4,2.6,1.8,-0.1,7.1,1.2,1.4,4.5,-3.6,1.9,-7.4,-2.4,5.5,0.4,-1.5,8.5,2.4,3.0,5.9,-4.7,1.9
2017-10-01,2.12993,4.2,399700.0,20037.088,3.0,5.6,2.5,5.5,2.2,2.4,1.8,2.2,1.8,0.7,0.3,8.2,7.9,7.5,3.7,3.2,2.9,5.5,2.6,5.3,2.0,2.4,2.0,2.2,1.8,0.8,0.2,8.0,7.9,7.7,3.7,3.2,2.0,4.4,2.3,4.3,1.0,2.2,4.2,3.0,1.5,0.8,-0.8,6.7,7.5,8.7,2.9,3.2,0.4,1.6,13.0,4.8,18.0,1.7,4.8,3.0,4.6,1.3,2.8,3.4,-0.3,7.7,1.4,3.2,0.9,5.8,4.9,4.3,1.0,3.4,4.2,0.6,9.4,1.5,3.2,3.3,3.3,0.0,4.6,1.3,1.2,2.0,-2.0,4.6,1.3,3.2
2017-11-01,2.12993,4.2,399700.0,20037.088,3.0,5.6,2.5,5.5,2.2,2.4,1.8,2.2,1.8,0.7,0.3,8.2,7.9,7.5,3.7,3.2,2.9,5.5,2.6,5.3,2.0,2.4,2.0,2.2,1.8,0.8,0.2,8.0,7.9,7.7,3.7,3.2,2.0,4.4,2.3,4.3,1.0,2.2,4.2,3.0,1.5,0.8,-0.8,6.7,7.5,8.7,2.9,3.2,0.4,1.6,13.0,4.8,18.0,1.7,4.8,3.0,4.6,1.3,2.8,3.4,-0.3,7.7,1.4,3.2,0.9,5.8,4.9,4.3,1.0,3.4,4.2,0.6,9.4,1.5,3.2,3.3,3.3,0.0,4.6,1.3,1.2,2.0,-2.0,4.6,1.3,3.2
2017-12-01,2.12993,4.1,399700.0,20037.088,3.0,5.6,2.5,5.5,2.2,2.4,1.8,2.2,1.8,0.7,0.3,8.2,7.9,7.5,3.7,3.2,2.9,5.5,2.6,5.3,2.0,2.4,2.0,2.2,1.8,0.8,0.2,8.0,7.9,7.7,3.7,3.2,2.0,4.4,2.3,4.3,1.0,2.2,4.2,3.0,1.5,0.8,-0.8,6.7,7.5,8.7,2.9,3.2,0.4,1.6,13.0,4.8,18.0,1.7,4.8,3.0,4.6,1.3,2.8,3.4,-0.3,7.7,1.4,3.2,0.9,5.8,4.9,4.3,1.0,3.4,4.2,0.6,9.4,1.5,3.2,3.3,3.3,0.0,4.6,1.3,1.2,2.0,-2.0,4.6,1.3,3.2
2018-01-01,2.33095,4.0,374600.0,20328.553,1.3,3.7,2.3,2.4,-1.0,1.1,3.9,2.3,2.2,0.1,-1.2,4.8,6.1,7.7,1.4,3.4,1.8,3.8,2.0,2.8,-0.6,1.1,3.8,2.3,2.0,0.0,-1.2,4.9,6.1,7.7,1.7,3.4,3.6,5.4,1.8,4.9,1.5,1.3,0.1,0.8,2.1,-0.3,0.5,6.8,6.3,5.6,3.3,3.4,-1.1,0.5,2.8,4.3,8.4,1.2,1.7,0.5,4.6,1.2,3.4,1.3,-0.8,5.2,0.4,3.4,2.9,3.6,0.7,5.3,1.8,2.3,1.9,-1.2,6.0,1.7,3.4,-1.2,-1.0,0.2,3.3,-0.2,4.5,0.3,-0.1,3.5,-1.3,3.4
2018-02-01,2.33095,4.1,374600.0,20328.553,1.3,3.7,2.3,2.4,-1.0,1.1,3.9,2.3,2.2,0.1,-1.2,4.8,6.1,7.7,1.4,3.4,1.8,3.8,2.0,2.8,-0.6,1.1,3.8,2.3,2.0,0.0,-1.2,4.9,6.1,7.7,1.7,3.4,3.6,5.4,1.8,4.9,1.5,1.3,0.1,0.8,2.1,-0.3,0.5,6.8,6.3,5.6,3.3,3.4,-1.1,0.5,2.8,4.3,8.4,1.2,1.7,0.5,4.6,1.2,3.4,1.3,-0.8,5.2,0.4,3.4,2.9,3.6,0.7,5.3,1.8,2.3,1.9,-1.2,6.0,1.7,3.4,-1.2,-1.0,0.2,3.3,-0.2,4.5,0.3,-0.1,3.5,-1.3,3.4
2018-03-01,2.33095,4.0,374600.0,20328.553,1.3,3.7,2.3,2.4,-1.0,1.1,3.9,2.3,2.2,0.1,-1.2,4.8,6.1,7.7,1.4,3.4,1.8,3.8,2.0,2.8,-0.6,1.1,3.8,2.3,2.0,0.0,-1.2,4.9,6.1,7.7,1.7,3.4,3.6,5.4,1.8,4.9,1.5,1.3,0.1,0.8,2.1,-0.3,0.5,6.8,6.3,5.6,3.3,3.4,-1.1,0.5,2.8,4.3,8.4,1.2,1.7,0.5,4.6,1.2,3.4,1.3,-0.8,5.2,0.4,3.4,2.9,3.6,0.7,5.3,1.8,2.3,1.9,-1.2,6.0,1.7,3.4,-1.2,-1.0,0.2,3.3,-0.2,4.5,0.3,-0.1,3.5,-1.3,3.4
2018-04-01,2.80755,4.0,378400.0,20580.912,0.1,2.0,2.0,2.1,-0.1,2.1,4.3,3.0,1.9,0.1,-0.9,4.1,5.1,6.4,0.1,2.2,0.4,2.2,1.8,2.1,0.0,1.7,4.4,2.9,1.8,0.0,-1.2,4.0,5.2,6.7,0.4,2.2,-1.0,1.2,2.2,1.5,-0.7,2.5,8.8,5.1,2.3,-0.1,-2.4,3.7,6.3,10.1,-1.1,2.2,3.2,2.8,21.8,4.4,23.2,3.1,3.6,0.5,-2.2,-4.3,-5.1,0.8,-0.3,-1.8,2.8,2.2,1.6,3.1,1.5,-1.7,-3.8,-3.3,2.6,-1.1,-0.3,0.5,2.2,4.9,3.7,-1.2,-3.6,-5.6,-8.0,-2.2,1.1,-4.7,6.0,2.2
2018-05-01,2.80755,3.8,378400.0,20580.912,0.1,2.0,2.0,2.1,-0.1,2.1,4.3,3.0,1.9,0.1,-0.9,4.1,5.1,6.4,0.1,2.2,0.4,2.2,1.8,2.1,0.0,1.7,4.4,2.9,1.8,0.0,-1.2,4.0,5.2,6.7,0.4,2.2,-1.0,1.2,2.2,1.5,-0.7,2.5,8.8,5.1,2.3,-0.1,-2.4,3.7,6.3,10.1,-1.1,2.2,3.2,2.8,21.8,4.4,23.2,3.1,3.6,0.5,-2.2,-4.3,-5.1,0.8,-0.3,-1.8,2.8,2.2,1.6,3.1,1.5,-1.7,-3.8,-3.3,2.6,-1.1,-0.3,0.5,2.2,4.9,3.7,-1.2,-3.6,-5.6,-8.0,-2.2,1.1,-4.7,6.0,2.2
2018-06-01,2.80755,4.0,378400.0,20580.912,0.1,2.0,2.0,2.1,-0.1,2.1,4.3,3.0,1.9,0.1,-0.9,4.1,5.1,6.4,0.1,2.2,0.4,2.2,1.8,2.1,0.0,1.7,4.4,2.9,1.8,0.0,-1.2,4.0,5.2,6.7,0.4,2.2,-1.0,1.2,2.2,1.5,-0.7,2.5,8.8,5.1,2.3,-0.1,-2.4,3.7,6.3,10.1,-1.1,2.2,3.2,2.8,21.8,4.4,23.2,3.1,3.6,0.5,-2.2,-4.3,-5.1,0.8,-0.3,-1.8,2.8,2.2,1.6,3.1,1.5,-1.7,-3.8,-3.3,2.6,-1.1,-0.3,0.5,2.2,4.9,3.7,-1.2,-3.6,-5.6,-8.0,-2.2,1.1,-4.7,6.0,2.2
2018-07-01,2.33206,3.8,392900.0,20798.73,1.2,3.0,1.8,4.0,2.2,2.8,0.3,1.7,1.3,0.5,1.1,5.8,4.7,3.2,1.7,1.7,0.7,2.9,2.1,3.5,1.7,2.8,-0.3,1.4,1.5,0.6,1.3,5.7,4.3,2.6,1.3,1.7,4.2,6.5,2.2,3.8,2.0,-0.4,-0.8,-0.6,1.9,0.3,0.2,6.1,5.9,5.6,4.5,1.7,-1.5,-0.8,0.7,4.9,7.2,-1.2,2.1,3.3,2.4,0.6,3.6,1.1,2.2,5.8,1.0,1.7,-3.3,0.1,3.5,1.7,-0.1,5.2,1.4,2.1,5.3,-1.3,1.7,1.0,4.0,3.1,3.6,1.9,2.7,0.5,2.5,6.8,3.5,1.7
2018-08-01,2.33206,3.8,392900.0,20798.73,1.2,3.0,1.8,4.0,2.2,2.8,0.3,1.7,1.3,0.5,1.1,5.8,4.7,3.2,1.7,1.7,0.7,2.9,2.1,3.5,1.7,2.8,-0.3,1.4,1.5,0.6,1.3,5.7,4.3,2.6,1.3,1.7,4.2,6.5,2.2,3.8,2.0,-0.4,-0.8,-0.6,1.9,0.3,0.2,6.1,5.9,5.6,4.5,1.7,-1.5,-0.8,0.7,4.9,7.2,-1.2,2.1,3.3,2.4,0.6,3.6,1.1,2.2,5.8,1.0,1.7,-3.3,0.1,3.5,1.7,-0.1,5.2,1.4,2.1,5.3,-1.3,1.7,1.0,4.0,3.1,3.6,1.9,2.7,0.5,2.5,6.8,3.5,1.7
2018-09-01,2.33206,3.7,392900.0,20798.73,1.2,3.0,1.8,4.0,2.2,2.8,0.3,1.7,1.3,0.5,1.1,5.8,4.7,3.2,1.7,1.7,0.7,2.9,2.1,3.5,1.7,2.8,-0.3,1.4,1.5,0.6,1.3,5.7,4.3,2.6,1.3,1.7,4.2,6.5,2.2,3.8,2.0,-0.4,-0.8,-0.6,1.9,0.3,0.2,6.1,5.9,5.6,4.5,1.7,-1.5,-0.8,0.7,4.9,7.2,-1.2,2.1,3.3,2.4,0.6,3.6,1.1,2.2,5.8,1.0,1.7,-3.3,0.1,3.5,1.7,-0.1,5.2,1.4,2.1,5.3,-1.3,1.7,1.0,4.0,3.1,3.6,1.9,2.7,0.5,2.5,6.8,3.5,1.7
2018-10-01,2.00238,3.8,384000.0,20917.867,-0.7,0.5,1.3,1.3,-0.3,2.1,0.3,1.3,1.6,-0.4,0.7,2.6,1.9,0.9,-1.1,1.6,-0.4,0.6,1.0,1.5,-0.1,1.9,0.5,1.3,1.8,-0.8,0.6,2.5,1.9,1.1,-1.3,1.6,3.5,4.2,0.6,3.2,1.6,-0.3,-0.4,-0.3,1.4,-0.8,0.0,3.9,3.8,3.8,2.7,1.6,1.9,0.4,-5.0,6.2,-1.0,-2.3,-1.6,0.7,2.9,1.3,5.3,3.1,-2.3,3.6,-4.5,1.6,-1.3,-1.3,0.0,3.5,1.9,4.9,3.5,-3.4,3.5,-4.6,1.6,-3.9,-2.1,1.9,1.9,0.3,6.0,2.4,-0.5,3.9,-4.4,1.6
2018-11-01,2.00238,3.8,384000.0,20917.867,-0.7,0.5,1.3,1.3,-0.3,2.1,0.3,1.3,1.6,-0.4,0.7,2.6,1.9,0.9,-1.1,1.6,-0.4,0.6,1.0,1.5,-0.1,1.9,0.5,1.3,1.8,-0.8,0.6,2.5,1.9,1.1,-1.3,1.6,3.5,4.2,0.6,3.2,1.6,-0.3,-0.4,-0.3,1.4,-0.8,0.0,3.9,3.8,3.8,2.7,1.6,1.9,0.4,-5.0,6.2,-1.0,-2.3,-1.6,0.7,2.9,1.3,5.3,3.1,-2.3,3.6,-4.5,1.6,-1.3,-1.3,0.0,3.5,1.9,4.9,3.5,-3.4,3.5,-4.6,1.6,-3.9,-2.1,1.9,1.9,0.3,6.0,2.4,-0.5,3.9,-4.4,1.6
2018-12-01,2.00238,3.9,384000.0,20917.867,-0.7,0.5,1.3,1.3,-0.3,2.1,0.3,1.3,1.6,-0.4,0.7,2.6,1.9,0.9,-1.1,1.6,-0.4,0.6,1.0,1.5,-0.1,1.9,0.5,1.3,1.8,-0.8,0.6,2.5,1.9,1.1,-1.3,1.6,3.5,4.2,0.6,3.2,1.6,-0.3,-0.4,-0.3,1.4,-0.8,0.0,3.9,3.8,3.8,2.7,1.6,1.9,0.4,-5.0,6.2,-1.0,-2.3,-1.6,0.7,2.9,1.3,5.3,3.1,-2.3,3.6,-4.5,1.6,-1.3,-1.3,0.0,3.5,1.9,4.9,3.5,-3.4,3.5,-4.6,1.6,-3.9,-2.1,1.9,1.9,0.3,6.0,2.4,-0.5,3.9,-4.4,1.6
2019-01-01,1.88319,4.0,375500.0,21111.6,3.4,3.5,0.1,9.8,8.7,6.2,-5.8,0.8,1.1,-0.9,5.3,9.9,4.4,-2.4,2.4,1.0,3.2,3.2,0.1,9.9,8.8,6.5,-6.2,0.8,0.8,-0.8,5.7,9.9,4.0,-3.2,2.4,1.0,1.1,1.9,0.7,8.2,7.2,7.0,-3.4,2.6,1.1,-0.3,4.3,9.0,4.5,-1.6,0.8,1.0,5.4,6.4,-20.1,7.4,-18.6,-3.4,-5.0,-1.6,5.8,4.8,9.6,0.6,-2.2,4.1,-5.5,1.0,-7.3,-8.1,-0.9,5.1,4.1,13.4,1.3,-2.1,4.2,-9.3,1.0,1.5,-1.5,-3.0,7.0,6.0,5.5,-0.7,-2.3,3.8,-0.8,1.0
2019-02-01,1.88319,3.8,375500.0,21111.6,3.4,3.5,0.1,9.8,8.7,6.2,-5.8,0.8,1.1,-0.9,5.3,9.9,4.4,-2.4,2.4,1.0,3.2,3.2,0.1,9.9,8.8,6.5,-6.2,0.8,0.8,-0.8,5.7,9.9,4.0,-3.2,2.4,1.0,1.1,1.9,0.7,8.2,7.2,7.0,-3.4,2.6,1.1,-0.3,4.3,9.0,4.5,-1.6,0.8,1.0,5.4,6.4,-20.1,7.4,-18.6,-3.4,-5.0,-1.6,5.8,4.8,9.6,0.6,-2.2,4.1,-5.5,1.0,-7.3,-8.1,-0.9,5.1,4.1,13.4,1.3,-2.1,4.2,-9.3,1.0,1.5,-1.5,-3.0,7.0,6.0,5.5,-0.7,-2.3,3.8,-0.8,1.0
2019-03-01,1.88319,3.8,375500.0,21111.6,3.4,3.5,0.1,9.8,8.7,6.2,-5.8,0.8,1.1,-0.9,5.3,9.9,4.4,-2.4,2.4,1.0,3.2,3.2,0.1,9.9,8.8,6.5,-6.2,0.8,0.8,-0.8,5.7,9.9,4.0,-3.2,2.4,1.0,1.1,1.9,0.7,8.2,7.2,7.0,-3.4,2.6,1.1,-0.3,4.3,9.0,4.5,-1.6,0.8,1.0,5.4,6.4,-20.1,7.4,-18.6,-3.4,-5.0,-1.6,5.8,4.8,9.6,0.6,-2.2,4.1,-5.5,1.0,-7.3,-8.1,-0.9,5.1,4.1,13.4,1.3,-2.1,4.2,-9.3,1.0,1.5,-1.5,-3.0,7.0,6.0,5.5,-0.7,-2.3,3.8,-0.8,1.0
2019-04-01,1.67119,3.7,376700.0,21397.938,2.5,3.8,1.3,0.0,-2.9,-2.4,8.9,2.3,1.0,0.3,-4.6,1.3,6.2,13.1,2.7,3.0,2.5,3.7,1.1,0.2,-2.7,-2.3,8.8,2.4,0.9,0.3,-4.5,1.3,6.2,12.8,2.8,3.0,-1.7,-0.2,1.5,1.1,-1.9,2.8,4.4,3.5,1.3,0.2,-0.6,2.7,3.3,4.2,-1.5,3.0,3.1,2.9,7.4,2.9,7.2,-3.9,-3.7,0.2,-0.2,-3.1,3.9,-1.1,1.3,0.1,-2.6,3.0,-4.3,-3.8,0.5,-2.1,-5.0,2.2,-0.7,1.2,-1.6,-3.1,3.0,-2.9,-3.1,-0.2,3.7,0.7,6.8,-1.7,1.5,3.5,-1.4,3.0
2019-05-01,1.67119,3.6,376700.0,21397.938,2.5,3.8,1.3,0.0,-2.9,-2.4,8.9,2.3,1.0,0.3,-4.6,1.3,6.2,13.1,2.7,3.0,2.5,3.7,1.1,0.2,-2.7,-2.3,8.8,2.4,0.9,0.3,-4.5,1.3,6.2,12.8,2.8,3.0,-1.7,-0.2,1.5,1.1,-1.9,2.8,4.4,3.5,1.3,0.2,-0.6,2.7,3.3,4.2,-1.5,3.0,3.1,2.9,7.4,2.9,7.2,-3.9,-3.7,0.2,-0.2,-3.1,3.9,-1.1,1.3,0.1,-2.6,3.0,-4.3,-3.8,0.5,-2.1,-5.0,2.2,-0.7,1.2,-1.6,-3.1,3.0,-2.9,-3.1,-0.2,3.7,0.7,6.8,-1.7,1.5,3.5,-1.4,3.0
2019-06-01,1.67119,3.6,376700.0,21397.938,2.5,3.8,1.3,0.0,-2.9,-2.4,8.9,2.3,1.0,0.3,-4.6,1.3,6.2,13.1,2.7,3.0,2.5,3.7,1.1,0.2,-2.7,-2.3,8.8,2.4,0.9,0.3,-4.5,1.3,6.2,12.8,2.8,3.0,-1.7,-0.2,1.5,1.1,-1.9,2.8,4.4,3.5,1.3,0.2,-0.6,2.7,3.3,4.2,-1.5,3.0,3.1,2.9,7.4,2.9,7.2,-3.9,-3.7,0.2,-0.2,-3.1,3.9,-1.1,1.3,0.1,-2.6,3.0,-4.3,-3.8,0.5,-2.1,-5.0,2.2,-0.7,1.2,-1.6,-3.1,3.0,-2.9,-3.1,-0.2,3.7,0.7,6.8,-1.7,1.5,3.5,-1.4,3.0
2019-07-01,1.6845,3.7,382700.0,21717.171,4.6,5.8,1.1,0.2,-1.2,-4.2,7.0,0.6,1.4,-0.3,-4.7,1.3,6.4,13.2,4.3,1.4,4.2,5.7,1.4,0.1,-1.3,-4.0,7.1,0.7,1.5,-0.1,-4.7,1.4,6.4,13.2,4.1,1.4,3.0,3.9,0.9,0.7,-0.7,-2.3,7.0,1.4,1.3,-0.4,-3.7,1.6,5.4,11.2,2.6,1.4,1.9,-0.9,19.0,5.9,23.7,-2.3,-1.5,0.9,-1.5,-2.8,0.9,2.5,-1.6,-0.6,-3.9,1.4,-2.3,-1.9,0.5,-3.1,-4.4,-0.8,1.3,-0.8,-2.6,-3.1,1.4,-1.6,-0.1,1.6,1.8,0.4,3.5,4.4,-2.8,3.4,-4.3,1.4
2019-08-01,1.6845,3.6,382700.0,21717.171,4.6,5.8,1.1,0.2,-1.2,-4.2,7.0,0.6,1.4,-0.3,-4.7,1.3,6.4,13.2,4.3,1.4,4.2,5.7,1.4,0.1,-1.3,-4.0,7.1,0.7,1.5,-0.1,-4.7,1.4,6.4,13.2,4.1,1.4,3.0,3.9,0.9,0.7,-0.7,-2.3,7.0,1.4,1.3,-0.4,-3.7,1.6,5.4,11.2,2.6,1.4,1.9,-0.9,19.0,5.9,23.7,-2.3,-1.5,0.9,-1.5,-2.8,0.9,2.5,-1.6,-0.6,-3.9,1.4,-2.3,-1.9,0.5,-3.1,-4.4,-0.8,1.3,-0.8,-2.6,-3.1,1.4,-1.6,-0.1,1.6,1.8,0.4,3.5,4.4,-2.8,3.4,-4.3,1.4
2019-09-01,1.6845,3.5,382700.0,21717.171,4.6,5.8,1.1,0.2,-1.2,-4.2,7.0,0.6,1.4,-0.3,-4.7,1.3,6.4,13.2,4.3,1.4,4.2,5.7,1.4,0.1,-1.3,-4.0,7.1,0.7,1.5,-0.1,-4.7,1.4,6.4,13.2,4.1,1.4,3.0,3.9,0.9,0.7,-0.7,-2.3,7.0,1.4,1.3,-0.4,-3.7,1.6,5.4,11.2,2.6,1.4,1.9,-0.9,19.0,5.9,23.7,-2.3,-1.5,0.9,-1.5,-2.8,0.9,2.5,-1.6,-0.6,-3.9,1.4,-2.3,-1.9,0.5,-3.1,-4.4,-0.8,1.3,-0.8,-2.6,-3.1,1.4,-1.6,-0.1,1.6,1.8,0.4,3.5,4.4,-2.8,3.4,-4.3,1.4
2019-10-01,2.31953,3.6,384600.0,21933.217,3.8,2.8,-0.9,7.1,4.1,3.2,-2.7,0.5,1.0,-2.0,2.6,6.1,3.4,0.0,1.8,2.9,3.7,2.8,-0.8,7.0,4.0,3.2,-2.5,0.6,1.1,-1.9,2.5,6.1,3.5,0.2,1.7,2.9,2.6,1.4,-1.2,5.9,3.0,3.2,0.0,1.9,1.2,-2.3,1.3,4.7,3.3,1.5,0.2,2.9,-4.1,0.8,9.4,-2.8,11.0,-0.5,-2.8,-2.4,9.1,6.1,9.7,-0.6,-1.8,6.6,-2.3,2.9,1.5,-1.9,-3.3,11.1,8.0,9.5,-2.0,-1.3,7.5,0.1,2.9,-1.7,-2.4,-0.7,5.6,2.7,7.4,1.9,-2.6,4.8,-4.2,2.9
2019-11-01,2.31953,3.6,384600.0,21933.217,3.8,2.8,-0.9,7.1,4.1,3.2,-2.7,0.5,1.0,-2.0,2.6,6.1,3.4,0.0,1.8,2.9,3.7,2.8,-0.8,7.0,4.0,3.2,-2.5,0.6,1.1,-1.9,2.5,6.1,3.5,0.2,1.7,2.9,2.6,1.4,-1.2,5.9,3.0,3.2,0.0,1.9,1.2,-2.3,1.3,4.7,3.3,1.5,0.2,2.9,-4.1,0.8,9.4,-2.8,11.0,-0.5,-2.8,-2.4,9.1,6.1,9.7,-0.6,-1.8,6.6,-2.3,2.9,1.5,-1.9,-3.3,11.1,8.0,9.5,-2.0,-1.3,7.5,0.1,2.9,-1.7,-2.4,-0.7,5.6,2.7,7.4,1.9,-2.6,4.8,-4.2,2.9
2019-12-01,2.31953,3.6,384600.0,21933.217,3.8,2.8,-0.9,7.1,4.1,3.2,-2.7,0.5,1.0,-2.0,2.6,6.1,3.4,0.0,1.8,2.9,3.7,2.8,-0.8,7.0,4.0,3.2,-2.5,0.6,1.1,-1.9,2.5,6.1,3.5,0.2,1.7,2.9,2.6,1.4,-1.2,5.9,3.0,3.2,0.0,1.9,1.2,-2.3,1.3,4.7,3.3,1.5,0.2,2.9,-4.1,0.8,9.4,-2.8,11.0,-0.5,-2.8,-2.4,9.1,6.1,9.7,-0.6,-1.8,6.6,-2.3,2.9,1.5,-1.9,-3.3,11.1,8.0,9.5,-2.0,-1.3,7.5,0.1,2.9,-1.7,-2.4,-0.7,5.6,2.7,7.4,1.9,-2.6,4.8,-4.2,2.9
2020-01-01,1.49404,3.6,383000.0,21727.657,-1.8,-7.5,-5.8,9.7,8.2,11.8,-12.9,0.4,-4.2,-1.6,11.3,3.4,-7.1,-19.4,-3.4,1.4,-2.0,-7.4,-5.5,9.4,7.8,11.6,-12.5,0.5,-4.0,-1.6,11.1,3.3,-7.0,-19.0,-3.5,1.4,-2.1,-7.1,-5.1,8.3,6.8,10.7,-9.3,2.0,-3.8,-1.3,8.5,2.8,-5.2,-15.8,-3.4,1.4,4.6,8.7,-33.9,-2.8,-38.5,0.1,-6.9,-7.0,6.5,5.0,6.4,-4.2,-2.9,-0.9,-2.8,1.4,-1.3,-8.7,-7.5,5.7,4.2,7.1,-3.4,-4.2,-2.2,-5.4,1.4,3.3,-3.1,-6.1,8.4,6.8,5.0,-5.4,-0.8,1.7,2.5,1.4
2020-02-01,1.49404,3.5,383000.0,21727.657,-1.8,-7.5,-5.8,9.7,8.2,11.8,-12.9,0.4,-4.2,-1.6,11.3,3.4,-7.1,-19.4,-3.4,1.4,-2.0,-7.4,-5.5,9.4,7.8,11.6,-12.5,0.5,-4.0,-1.6,11.1,3.3,-7.0,-19.0,-3.5,1.4,-2.1,-7.1,-5.1,8.3,6.8,10.7,-9.3,2.0,-3.8,-1.3,8.5,2.8,-5.2,-15.8,-3.4,1.4,4.6,8.7,-33.9,-2.8,-38.5,0.1,-6.9,-7.0,6.5,5.0,6.4,-4.2,-2.9,-0.9,-2.8,1.4,-1.3,-8.7,-7.5,5.7,4.2,7.1,-3.4,-4.2,-2.2,-5.4,1.4,3.3,-3.1,-6.1,8.4,6.8,5.0,-5.4,-0.8,1.7,2.5,1.4
2020-03-01,1.49404,4.4,383000.0,21727.657,-1.8,-7.5,-5.8,9.7,8.2,11.8,-12.9,0.4,-4.2,-1.6,11.3,3.4,-7.1,-19.4,-3.4,1.4,-2.0,-7.4,-5.5,9.4,7.8,11.6,-12.5,0.5,-4.0,-1.6,11.1,3.3,-7.0,-19.0,-3.5,1.4,-2.1,-7.1,-5.1,8.3,6.8,10.7,-9.3,2.0,-3.8,-1.3,8.5,2.8,-5.2,-15.8,-3.4,1.4,4.6,8.7,-33.9,-2.8,-38.5,0.1,-6.9,-7.0,6.5,5.0,6.4,-4.2,-2.9,-0.9,-2.8,1.4,-1.3,-8.7,-7.5,5.7,4.2,7.1,-3.4,-4.2,-2.2,-5.4,1.4,3.3,-3.1,-6.1,8.4,6.8,5.0,-5.4,-0.8,1.7,2.5,1.4
2020-04-01,0.71666,14.8,371100.0,19935.444,20.9,-32.9,-44.5,25.6,30.1,3.9,-14.0,-4.0,-40.9,-6.1,8.2,-30.3,-35.5,-42.2,13.5,-3.5,20.2,-32.9,-44.2,25.3,29.9,4.2,-15.7,-4.6,-40.6,-6.1,9.3,-30.1,-36.0,-43.5,12.9,-3.5,10.8,-36.7,-42.9,28.7,33.4,16.1,-26.3,-2.7,-41.4,-2.5,19.3,-26.5,-38.4,-53.4,8.0,-3.5,-43.5,-6.5,28.9,-64.3,-18.4,-6.9,-43.9,-39.8,28.7,33.4,38.3,-27.8,-16.6,-22.5,-22.4,-3.5,-17.2,-54.3,-44.8,33.0,37.8,60.6,-30.7,-20.4,-26.6,-34.0,-3.5,0.0,-30.4,-30.5,23.6,28.0,23.5,-22.7,-10.0,-14.1,-10.0,-3.5
2020-05-01,0.71666,13.2,371100.0,19935.444,20.9,-32.9,-44.5,25.6,30.1,3.9,-14.0,-4.0,-40.9,-6.1,8.2,-30.3,-35.5,-42.2,13.5,-3.5,20.2,-32.9,-44.2,25.3,29.9,4.2,-15.7,-4.6,-40.6,-6.1,9.3,-30.1,-36.0,-43.5,12.9,-3.5,10.8,-36.7,-42.9,28.7,33.4,16.1,-26.3,-2.7,-41.4,-2.5,19.3,-26.5,-38.4,-53.4,8.0,-3.5,-43.5,-6.5,28.9,-64.3,-18.4,-6.9,-43.9,-39.8,28.7,33.4,38.3,-27.8,-16.6,-22.5,-22.4,-3.5,-17.2,-54.3,-44.8,33.0,37.8,60.6,-30.7,-20.4,-26.6,-34.0,-3.5,0.0,-30.4,-30.5,23.6,28.0,23.5,-22.7,-10.0,-14.1,-10.0,-3.5
2020-06-01,0.71666,11.0,371100.0,19935.444,20.9,-32.9,-44.5,25.6,30.1,3.9,-14.0,-4.0,-40.9,-6.1,8.2,-30.3,-35.5,-42.2,13.5,-3.5,20.2,-32.9,-44.2,25.3,29.9,4.2,-15.7,-4.6,-40.6,-6.1,9.3,-30.1,-36.0,-43.5,12.9,-3.5,10.8,-36.7,-42.9,28.7,33.4,16.1,-26.3,-2.7,-41.4,-2.5,19.3,-26.5,-38.4,-53.4,8.0,-3.5,-43.5,-6.5,28.9,-64.3,-18.4,-6.9,-43.9,-39.8,28.7,33.4,38.3,-27.8,-16.6,-22.5,-22.4,-3.5,-17.2,-54.3,-44.8,33.0,37.8,60.6,-30.7,-20.4,-26.6,-34.0,-3.5,0.0,-30.4,-30.5,23.6,28.0,23.5,-22.7,-10.0,-14.1,-10.0,-3.5
2020-07-01,1.39102,10.2,400600.0,21684.551,6.6,46.3,37.3,-5.7,-10.0,-11.6,30.9,4.4,29.1,6.3,-15.3,29.4,52.7,91.5,13.3,4.7,7.5,46.5,36.3,-5.1,-9.4,-11.7,31.8,4.6,28.2,6.3,-15.6,29.4,53.3,93.1,14.3,4.7,5.0,40.8,34.1,-6.7,-10.9,-11.1,34.0,4.2,27.9,4.8,-14.7,25.1,46.7,88.6,10.0,4.7,-26.6,-15.7,244.3,3.3,384.6,16.3,53.0,31.5,-13.1,-17.1,-25.3,11.7,17.8,14.2,37.0,4.7,39.4,91.1,37.1,-16.7,-20.5,-40.2,12.2,22.2,14.2,70.4,4.7,-1.6,21.0,22.9,-7.0,-11.3,-5.6,10.7,11.1,14.3,9.3,4.7
2020-08-01,1.39102,8.4,400600.0,21684.551,6.6,46.3,37.3,-5.7,-10.0,-11.6,30.9,4.4,29.1,6.3,-15.3,29.4,52.7,91.5,13.3,4.7,7.5,46.5,36.3,-5.1,-9.4,-11.7,31.8,4.6,28.2,6.3,-15.6,29.4,53.3,93.1,14.3,4.7,5.0,40.8,34.1,-6.7,-10.9,-11.1,34.0,4.2,27.9,4.8,-14.7,25.1,46.7,88.6,10.0,4.7,-26.6,-15.7,244.3,3.3,384.6,16.3,53.0,31.5,-13.1,-17.1,-25.3,11.7,17.8,14.2,37.0,4.7,39.4,91.1,37.1,-16.7,-20.5,-40.2,12.2,22.2,14.2,70.4,4.7,-1.6,21.0,22.9,-7.0,-11.3,-5.6,10.7,11.1,14.3,9.3,4.7
2020-09-01,1.39102,7.8,400600.0,21684.551,6.6,46.3,37.3,-5.7,-10.0,-11.6,30.9,4.4,29.1,6.3,-15.3,29.4,52.7,91.5,13.3,4.7,7.5,46.5,36.3,-5.1,-9.4,-11.7,31.8,4.6,28.2,6.3,-15.6,29.4,53.3,93.1,14.3,4.7,5.0,40.8,34.1,-6.7,-10.9,-11.1,34.0,4.2,27.9,4.8,-14.7,25.1,46.7,88.6,10.0,4.7,-26.6,-15.7,244.3,3.3,384.6,16.3,53.0,31.5,-13.1,-17.1,-25.3,11.7,17.8,14.2,37.0,4.7,39.4,91.1,37.1,-16.7,-20.5,-40.2,12.2,22.2,14.2,70.4,4.7,-1.6,21.0,22.9,-7.0,-11.3,-5.6,10.7,11.1,14.3,9.3,4.7
2020-10-01,1.32042,6.9,396900.0,22068.767,-3.0,5.7,9.0,10.6,7.6,14.1,-11.9,2.2,7.0,1.9,11.7,20.6,8.0,-6.9,-1.2,2.8,-3.5,5.7,9.6,9.9,6.9,13.9,-10.7,2.6,7.6,1.9,11.0,20.4,8.5,-5.6,-1.7,2.8,7.7,18.5,10.0,8.2,5.3,0.4,4.5,2.0,8.3,1.5,-1.6,19.0,20.9,23.8,9.4,2.8,70.4,16.8,-50.0,101.9,-40.8,-1.1,7.9,9.0,7.3,4.4,8.5,6.7,2.1,17.0,1.1,2.8,-1.5,5.1,6.7,11.9,8.8,13.6,5.0,1.6,19.4,0.1,2.8,-3.2,9.2,12.8,-0.2,-2.9,3.1,9.5,3.0,12.6,-0.3,2.8
2020-11-01,1.32042,6.7,396900.0,22068.767,-3.0,5.7,9.0,10.6,7.6,14.1,-11.9,2.2,7.0,1.9,11.7,20.6,8.0,-6.9,-1.2,2.8,-3.5,5.7,9.6,9.9,6.9,13.9,-10.7,2.6,7.6,1.9,11.0,20.4,8.5,-5.6,-1.7,2.8,7.7,18.5,10.0,8.2,5.3,0.4,4.5,2.0,8.3,1.5,-1.6,19.0,20.9,23.8,9.4,2.8,70.4,16.8,-50.0,101.9,-40.8,-1.1,7.9,9.0,7.3,4.4,8.5,6.7,2.1,17.0,1.1,2.8,-1.5,5.1,6.7,11.9,8.8,13.6,5.0,1.6,19.4,0.1,2.8,-3.2,9.2,12.8,-0.2,-2.9,3.1,9.5,3.0,12.6,-0.3,2.8
2020-12-01,1.32042,6.7,396900.0,22068.767,-3.0,5.7,9.0,10.6,7.6,14.1,-11.9,2.2,7.0,1.9,11.7,20.6,8.0,-6.9,-1.2,2.8,-3.5,5.7,9.6,9.9,6.9,13.9,-10.7,2.6,7.6,1.9,11.0,20.4,8.5,-5.6,-1.7,2.8,7.7,18.5,10.0,8.2,5.3,0.4,4.5,2.0,8.3,1.5,-1.6,19.0,20.9,23.8,9.4,2.8,70.4,16.8,-50.0,101.9,-40.8,-1.1,7.9,9.0,7.3,4.4,8.5,6.7,2.1,17.0,1.1,2.8,-1.5,5.1,6.7,11.9,8.8,13.6,5.0,1.6,19.4,0.1,2.8,-3.2,9.2,12.8,-0.2,-2.9,3.1,9.5,3.0,12.6,-0.3,2.8
2021-01-01,2.62365,6.4,417400.0,22656.793,3.0,7.2,4.1,0.5,-3.5,-2.4,19.0,6.2,3.2,0.9,-8.1,4.7,13.9,27.6,4.0,4.2,3.1,7.3,4.1,0.5,-3.5,-2.5,19.6,6.4,3.0,1.1,-8.3,4.6,14.1,28.3,4.2,4.2,5.4,9.2,3.6,0.4,-3.7,-4.7,22.5,5.6,3.5,0.1,-9.8,4.0,15.2,33.7,5.5,4.2,-3.7,-4.4,80.7,5.2,97.3,-0.5,0.2,0.7,0.2,-3.9,0.7,-0.2,0.9,0.9,0.4,4.2,-3.0,-0.5,2.5,2.3,-1.8,5.5,2.3,0.3,4.9,-2.7,4.2,0.7,-1.5,-2.1,-4.3,-8.2,-4.9,-3.8,1.7,-6.3,2.4,4.2
2021-02-01,2.62365,6.2,417400.0,22656.793,3.0,7.2,4.1,0.5,-3.5,-2.4,19.0,6.2,3.2,0.9,-8.1,4.7,13.9,27.6,4.0,4.2,3.1,7.3,4.1,0.5,-3.5,-2.5,19.6,6.4,3.0,1.1,-8.3,4.6,14.1,28.3,4.2,4.2,5.4,9.2,3.6,0.4,-3.7,-4.7,22.5,5.6,3.5,0.1,-9.8,4.0,15.2,33.7,5.5,4.2,-3.7,-4.4,80.7,5.2,97.3,-0.5,0.2,0.7,0.2,-3.9,0.7,-0.2,0.9,0.9,0.4,4.2,-3.0,-0.5,2.5,2.3,-1.8,5.5,2.3,0.3,4.9,-2.7,4.2,0.7,-1.5,-2.1,-4.3,-8.2,-4.9,-3.8,1.7,-6.3,2.4,4.2
2021-03-01,2.62365,6.1,417400.0,22656.793,3.0,7.2,4.1,0.5,-3.5,-2.4,19.0,6.2,3.2,0.9,-8.1,4.7,13.9,27.6,4.0,4.2,3.1,7.3,4.1,0.5,-3.5,-2.5,19.6,6.4,3.0,1.1,-8.3,4.6,14.1,28.3,4.2,4.2,5.4,9.2,3.6,0.4,-3.7,-4.7,22.5,5.6,3.5,0.1,-9.8,4.0,15.2,33.7,5.5,4.2,-3.7,-4.4,80.7,5.2,97.3,-0.5,0.2,0.7,0.2,-3.9,0.7,-0.2,0.9,0.9,0.4,4.2,-3.0,-0.5,2.5,2.3,-1.8,5.5,2.3,0.3,4.9,-2.7,4.2,0.7,-1.5,-2.1,-4.3,-8.2,-4.9,-3.8,1.7,-6.3,2.4,4.2
2021-04-01,5.31742,6.1,428600.0,23368.861,0.1,7.6,7.5,6.5,-1.5,6.4,6.4,6.4,6.1,1.3,0.0,14.5,14.5,14.5,1.4,8.1,0.4,7.5,7.0,6.9,-1.1,6.4,8.6,7.4,5.8,1.1,-0.9,14.4,15.4,16.7,1.5,8.1,2.2,8.9,6.6,6.4,-1.5,4.2,11.3,7.1,4.9,1.6,-2.8,13.4,16.6,21.2,3.8,8.1,-11.7,-0.8,54.1,-3.9,67.8,5.3,6.2,0.9,5.9,-2.1,0.5,-0.2,1.1,6.8,6.4,8.1,-3.1,-3.1,0.0,9.2,1.0,12.7,-0.5,0.5,9.2,-2.6,8.1,12.0,14.6,2.3,-0.1,-7.5,-10.8,0.2,2.1,2.2,14.4,8.1
2021-05-01,5.31742,5.8,428600.0,23368.861,0.1,7.6,7.5,6.5,-1.5,6.4,6.4,6.4,6.1,1.3,0.0,14.5,14.5,14.5,1.4,8.1,0.4,7.5,7.0,6.9,-1.1,6.4,8.6,7.4,5.8,1.1,-0.9,14.4,15.4,16.7,1.5,8.1,2.2,8.9,6.6,6.4,-1.5,4.2,11.3,7.1,4.9,1.6,-2.8,13.4,16.6,21.2,3.8,8.1,-11.7,-0.8,54.1,-3.9,67.8,5.3,6.2,0.9,5.9,-2.1,0.5,-0.2,1.1,6.8,6.4,8.1,-3.1,-3.1,0.0,9.2,1.0,12.7,-0.5,0.5,9.2,-2.6,8.1,12.0,14.6,2.3,-0.1,-7.5,-10.8,0.2,2.1,2.2,14.4,8.1
2021-06-01,5.31742,5.9,428600.0,23368.861,0.1,7.6,7.5,6.5,-1.5,6.4,6.4,6.4,6.1,1.3,0.0,14.5,14.5,14.5,1.4,8.1,0.4,7.5,7.0,6.9,-1.1,6.4,8.6,7.4,5.8,1.1,-0.9,14.4,15.4,16.7,1.5,8.1,2.2,8.9,6.6,6.4,-1.5,4.2,11.3,7.1,4.9,1.6,-2.8,13.4,16.6,21.2,3.8,8.1,-11.7,-0.8,54.1,-3.9,67.8,5.3,6.2,0.9,5.9,-2.1,0.5,-0.2,1.1,6.8,6.4,8.1,-3.1,-3.1,0.0,9.2,1.0,12.7,-0.5,0.5,9.2,-2.6,8.1,12.0,14.6,2.3,-0.1,-7.5,-10.8,0.2,2.1,2.2,14.4,8.1
2021-07-01,5.36352,5.4,468000.0,23921.991,-2.3,3.4,5.8,5.5,-1.0,8.0,4.8,6.6,6.7,-0.8,1.3,11.7,10.2,8.3,-3.1,6.6,-1.9,3.4,5.3,6.1,-0.5,8.1,5.0,6.7,6.3,-0.9,1.3,11.7,10.3,8.5,-2.7,6.6,0.9,5.1,4.2,9.0,2.3,8.0,5.3,6.8,6.4,-2.1,1.1,13.5,12.3,10.6,-1.2,6.6,20.7,11.6,-12.6,26.8,-8.1,-1.9,2.9,4.9,-1.6,-7.6,0.4,6.0,-1.0,3.3,-2.9,6.6,-2.5,2.6,5.2,-7.3,-13.0,-4.9,5.4,-0.2,-2.5,-2.7,6.6,-2.5,1.9,4.4,10.4,3.6,13.2,6.9,-2.3,15.3,-4.7,6.6
2021-08-01,5.36352,5.1,468000.0,23921.991,-2.3,3.4,5.8,5.5,-1.0,8.0,4.8,6.6,6.7,-0.8,1.3,11.7,10.2,8.3,-3.1,6.6,-1.9,3.4,5.3,6.1,-0.5,8.1,5.0,6.7,6.3,-0.9,1.3,11.7,10.3,8.5,-2.7,6.6,0.9,5.1,4.2,9.0,2.3,8.0,5.3,6.8,6.4,-2.1,1.1,13.5,12.3,10.6,-1.2,6.6,20.7,11.6,-12.6,26.8,-8.1,-1.9,2.9,4.9,-1.6,-7.6,0.4,6.0,-1.0,3.3,-2.9,6.6,-2.5,2.6,5.2,-7.3,-13.0,-4.9,5.4,-0.2,-2.5,-2.7,6.6,-2.5,1.9,4.4,10.4,3.6,13.2,6.9,-2.3,15.3,-4.7,6.6
2021-09-01,5.36352,4.7,468000.0,23921.991,-2.3,3.4,5.8,5.5,-1.0,8.0,4.8,6.6,6.7,-0.8,1.3,11.7,10.2,8.3,-3.1,6.6,-1.9,3.4,5.3,6.1,-0.5,8.1,5.0,6.7,6.3,-0.9,1.3,11.7,10.3,8.5,-2.7,6.6,0.9,5.1,4.2,9.0,2.3,8.0,5.3,6.8,6.4,-2.1,1.1,13.5,12.3,10.6,-1.2,6.6,20.7,11.6,-12.6,26.8,-8.1,-1.9,2.9,4.9,-1.6,-7.6,0.4,6.0,-1.0,3.3,-2.9,6.6,-2.5,2.6,5.2,-7.3,-13.0,-4.9,5.4,-0.2,-2.5,-2.7,6.6,-2.5,1.9,4.4,10.4,3.6,13.2,6.9,-2.3,15.3,-4.7,6.6
2021-10-01,7.15946,4.5,496700.0,24777.038,2.9,9.1,6.1,5.9,-2.7,2.9,16.1,8.4,6.0,0.1,-5.1,12.3,18.3,26.7,2.9,8.8,3.1,9.2,5.9,6.1,-2.4,2.9,14.9,8.0,6.1,-0.2,-4.7,12.4,17.9,25.5,2.9,8.8,-1.5,6.2,7.8,4.5,-4.0,6.0,9.5,7.5,7.1,0.7,-1.3,12.6,14.2,16.3,-0.8,8.8,20.5,10.2,-4.9,28.1,1.0,-1.9,5.4,7.4,6.8,-1.9,8.8,6.5,0.8,14.7,-1.1,8.8,-0.4,5.7,6.1,7.8,-0.9,8.2,5.0,1.1,14.4,0.7,8.8,-4.8,4.3,9.5,5.2,-3.3,10.5,9.0,0.5,15.2,-4.3,8.8
2021-11-01,7.15946,4.2,496700.0,24777.038,2.9,9.1,6.1,5.9,-2.7,2.9,16.1,8.4,6.0,0.1,-5.1,12.3,18.3,26.7,2.9,8.8,3.1,9.2,5.9,6.1,-2.4,2.9,14.9,8.0,6.1,-0.2,-4.7,12.4,17.9,25.5,2.9,8.8,-1.5,6.2,7.8,4.5,-4.0,6.0,9.5,7.5,7.1,0.7,-1.3,12.6,14.2,16.3,-0.8,8.8,20.5,10.2,-4.9,28.1,1.0,-1.9,5.4,7.4,6.8,-1.9,8.8,6.5,0.8,14.7,-1.1,8.8,-0.4,5.7,6.1,7.8,-0.9,8.2,5.0,1.1,14.4,0.7,8.8,-4.8,4.3,9.5,5.2,-3.3,10.5,9.0,0.5,15.2,-4.3,8.8
2021-12-01,7.15946,3.9,496700.0,24777.038,2.9,9.1,6.1,5.9,-2.7,2.9,16.1,8.4,6.0,0.1,-5.1,12.3,18.3,26.7,2.9,8.8,3.1,9.2,5.9,6.1,-2.4,2.9,14.9,8.0,6.1,-0.2,-4.7,12.4,17.9,25.5,2.9,8.8,-1.5,6.2,7.8,4.5,-4.0,6.0,9.5,7.5,7.1,0.7,-1.3,12.6,14.2,16.3,-0.8,8.8,20.5,10.2,-4.9,28.1,1.0,-1.9,5.4,7.4,6.8,-1.9,8.8,6.5,0.8,14.7,-1.1,8.8,-0.4,5.7,6.1,7.8,-0.9,8.2,5.0,1.1,14.4,0.7,8.8,-4.8,4.3,9.5,5.2,-3.3,10.5,9.0,0.5,15.2,-4.3,8.8
2022-01-01,8.54078,4.0,499300.0,25215.491,-4.9,-2.0,3.0,1.6,-7.0,6.8,12.2,9.1,4.8,-1.7,-2.1,4.7,6.9,9.9,-6.5,9.2,-5.3,-2.1,3.4,1.4,-7.2,7.1,13.1,9.7,5.0,-1.6,-2.4,4.8,7.4,10.7,-6.8,9.2,0.9,3.9,3.0,2.9,-5.8,2.0,18.8,8.8,5.5,-2.4,-6.3,5.9,13.0,23.4,-1.6,9.2,33.7,10.9,-1.1,38.9,2.7,-2.5,2.6,5.3,1.6,-7.0,4.2,4.6,0.7,7.0,-1.9,9.2,-2.5,4.4,7.1,-0.6,-9.0,1.9,4.0,3.0,6.5,0.4,9.2,-1.4,0.8,2.3,5.5,-3.4,7.0,5.5,-3.0,7.9,-4.4,9.2
2022-02-01,8.54078,3.8,499300.0,25215.491,-4.9,-2.0,3.0,1.6,-7.0,6.8,12.2,9.1,4.8,-1.7,-2.1,4.7,6.9,9.9,-6.5,9.2,-5.3,-2.1,3.4,1.4,-7.2,7.1,13.1,9.7,5.0,-1.6,-2.4,4.8,7.4,10.7,-6.8,9.2,0.9,3.9,3.0,2.9,-5.8,2.0,18.8,8.8,5.5,-2.4,-6.3,5.9,13.0,23.4,-1.6,9.2,33.7,10.9,-1.1,38.9,2.7,-2.5,2.6,5.3,1.6,-7.0,4.2,4.6,0.7,7.0,-1.9,9.2,-2.5,4.4,7.1,-0.6,-9.0,1.9,4.0,3.0,6.5,0.4,9.2,-1.4,0.8,2.3,5.5,-3.4,7.0,5.5,-3.0,7.9,-4.4,9.2
2022-03-01,8.54078,3.7,499300.0,25215.491,-4.9,-2.0,3.0,1.6,-7.0,6.8,12.2,9.1,4.8,-1.7,-2.1,4.7,6.9,9.9,-6.5,9.2,-5.3,-2.1,3.4,1.4,-7.2,7.1,13.1,9.7,5.0,-1.6,-2.4,4.8,7.4,10.7,-6.8,9.2,0.9,3.9,3.0,2.9,-5.8,2.0,18.8,8.8,5.5,-2.4,-6.3,5.9,13.0,23.4,-1.6,9.2,33.7,10.9,-1.1,38.9,2.7,-2.5,2.6,5.3,1.6,-7.0,4.2,4.6,0.7,7.0,-1.9,9.2,-2.5,4.4,7.1,-0.6,-9.0,1.9,4.0,3.0,6.5,0.4,9.2,-1.4,0.8,2.3,5.5,-3.4,7.0,5.5,-3.0,7.9,-4.4,9.2
2022-04-01,8.9993,3.7,525100.0,25805.791,-3.3,-0.3,3.0,0.4,-8.8,3.8,19.1,10.3,3.3,-0.3,-5.9,3.4,10.0,18.7,-3.6,10.0,-3.1,-0.4,2.8,0.7,-8.5,3.9,20.1,10.9,3.0,-0.3,-6.3,3.5,10.4,19.6,-3.3,10.0,-1.3,1.9,3.2,1.6,-7.7,2.9,19.7,9.9,3.4,-0.2,-6.4,4.8,11.9,21.9,-1.5,10.0,9.3,4.9,38.1,11.4,40.6,0.8,2.7,1.9,2.2,-7.2,1.3,2.5,-0.6,4.1,0.2,10.0,2.4,5.4,3.0,2.7,-6.7,0.3,3.4,-0.4,5.8,1.9,10.0,-0.1,0.0,0.1,0.9,-8.4,0.9,1.0,-0.9,1.0,-1.0,10.0
2022-05-01,8.9993,3.6,525100.0,25805.791,-3.3,-0.3,3.0,0.4,-8.8,3.8,19.1,10.3,3.3,-0.3,-5.9,3.4,10.0,18.7,-3.6,10.0,-3.1,-0.4,2.8,0.7,-8.5,3.9,20.1,10.9,3.0,-0.3,-6.3,3.5,10.4,19.6,-3.3,10.0,-1.3,1.9,3.2,1.6,-7.7,2.9,19.7,9.9,3.4,-0.2,-6.4,4.8,11.9,21.9,-1.5,10.0,9.3,4.9,38.1,11.4,40.6,0.8,2.7,1.9,2.2,-7.2,1.3,2.5,-0.6,4.1,0.2,10.0,2.4,5.4,3.0,2.7,-6.7,0.3,3.4,-0.4,5.8,1.9,10.0,-0.1,0.0,0.1,0.9,-8.4,0.9,1.0,-0.9,1.0,-1.0,10.0
2022-06-01,8.9993,3.6,525100.0,25805.791,-3.3,-0.3,3.0,0.4,-8.8,3.8,19.1,10.3,3.3,-0.3,-5.9,3.4,10.0,18.7,-3.6,10.0,-3.1,-0.4,2.8,0.7,-8.5,3.9,20.1,10.9,3.0,-0.3,-6.3,3.5,10.4,19.6,-3.3,10.0,-1.3,1.9,3.2,1.6,-7.7,2.9,19.7,9.9,3.4,-0.2,-6.4,4.8,11.9,21.9,-1.5,10.0,9.3,4.9,38.1,11.4,40.6,0.8,2.7,1.9,2.2,-7.2,1.3,2.5,-0.6,4.1,0.2,10.0,2.4,5.4,3.0,2.7,-6.7,0.3,3.4,-0.4,5.8,1.9,10.0,-0.1,0.0,0.1,0.9,-8.4,0.9,1.0,-0.9,1.0,-1.0,10.0
2022-07-01,8.20575,3.5,520300.0,26272.011,0.0,2.6,2.6,7.4,1.9,7.4,0.3,4.2,3.0,-0.4,3.1,10.2,6.9,2.9,-0.4,5.4,0.1,2.6,2.5,7.5,1.9,7.3,0.7,4.3,2.8,-0.3,2.9,10.1,7.0,3.3,-0.2,5.4,1.2,4.6,3.4,6.4,0.9,5.2,2.8,4.1,3.5,-0.1,1.0,10.0,8.9,7.5,1.1,5.4,0.2,3.5,6.9,4.7,11.8,-2.9,0.2,3.2,7.9,2.3,11.1,3.0,0.1,11.3,-2.7,5.4,-2.4,1.9,4.4,8.0,2.5,10.7,4.4,0.0,12.8,-2.4,5.4,-2.6,-1.4,1.2,7.3,1.8,10.1,0.9,0.3,8.6,-2.3,5.4
2022-08-01,8.20575,3.6,520300.0,26272.011,0.0,2.6,2.6,7.4,1.9,7.4,0.3,4.2,3.0,-0.4,3.1,10.2,6.9,2.9,-0.4,5.4,0.1,2.6,2.5,7.5,1.9,7.3,0.7,4.3,2.8,-0.3,2.9,10.1,7.0,3.3,-0.2,5.4,1.2,4.6,3.4,6.4,0.9,5.2,2.8,4.1,3.5,-0.1,1.0,10.0,8.9,7.5,1.1,5.4,0.2,3.5,6.9,4.7,11.8,-2.9,0.2,3.2,7.9,2.3,11.1,3.0,0.1,11.3,-2.7,5.4,-2.4,1.9,4.4,8.0,2.5,10.7,4.4,0.0,12.8,-2.4,5.4,-2.6,-1.4,1.2,7.3,1.8,10.1,0.9,0.3,8.6,-2.3,5.4
2022-09-01,8.20575,3.5,520300.0,26272.011,0.0,2.6,2.6,7.4,1.9,7.4,0.3,4.2,3.0,-0.4,3.1,10.2,6.9,2.9,-0.4,5.4,0.1,2.6,2.5,7.5,1.9,7.3,0.7,4.3,2.8,-0.3,2.9,10.1,7.0,3.3,-0.2,5.4,1.2,4.6,3.4,6.4,0.9,5.2,2.8,4.1,3.5,-0.1,1.0,10.0,8.9,7.5,1.1,5.4,0.2,3.5,6.9,4.7,11.8,-2.9,0.2,3.2,7.9,2.3,11.1,3.0,0.1,11.3,-2.7,5.4,-2.4,1.9,4.4,8.0,2.5,10.7,4.4,0.0,12.8,-2.4,5.4,-2.6,-1.4,1.2,7.3,1.8,10.1,0.9,0.3,8.6,-2.3,5.4
2022-10-01,6.41083,3.6,521000.0,26734.277,2.7,3.7,1.0,0.4,-3.5,-2.2,11.1,3.5,1.8,-0.8,-5.5,1.4,7.3,15.1,1.8,4.1,2.9,3.7,0.7,0.7,-3.3,-2.2,11.1,3.6,1.8,-1.1,-5.6,1.4,7.4,15.2,1.8,4.1,-2.1,-1.4,0.7,0.0,-3.9,2.2,2.5,2.3,2.3,-1.5,-0.1,0.7,0.9,1.0,-3.6,4.1,1.7,2.0,3.7,0.2,2.2,-3.4,-3.2,0.2,-0.1,-4.0,3.4,2.9,-2.6,0.1,-5.9,4.1,-3.7,-2.4,1.4,-1.9,-5.8,1.9,4.2,-2.8,-0.6,-6.4,4.1,-2.3,-4.0,-1.7,3.2,-0.9,5.6,0.6,-2.3,1.4,-4.6,4.1
2022-11-01,6.41083,3.6,521000.0,26734.277,2.7,3.7,1.0,0.4,-3.5,-2.2,11.1,3.5,1.8,-0.8,-5.5,1.4,7.3,15.1,1.8,4.1,2.9,3.7,0.7,0.7,-3.3,-2.2,11.1,3.6,1.8,-1.1,-5.6,1.4,7.4,15.2,1.8,4.1,-2.1,-1.4,0.7,0.0,-3.9,2.2,2.5,2.3,2.3,-1.5,-0.1,0.7,0.9,1.0,-3.6,4.1,1.7,2.0,3.7,0.2,2.2,-3.4,-3.2,0.2,-0.1,-4.0,3.4,2.9,-2.6,0.1,-5.9,4.1,-3.7,-2.4,1.4,-1.9,-5.8,1.9,4.2,-2.8,-0.6,-6.4,4.1,-2.3,-4.0,-1.7,3.2,-0.9,5.6,0.6,-2.3,1.4,-4.6,4.1
2022-12-01,6.41083,3.5,521000.0,26734.277,2.7,3.7,1.0,0.4,-3.5,-2.2,11.1,3.5,1.8,-0.8,-5.5,1.4,7.3,15.1,1.8,4.1,2.9,3.7,0.7,0.7,-3.3,-2.2,11.1,3.6,1.8,-1.1,-5.6,1.4,7.4,15.2,1.8,4.1,-2.1,-1.4,0.7,0.0,-3.9,2.2,2.5,2.3,2.3,-1.5,-0.1,0.7,0.9,1.0,-3.6,4.1,1.7,2.0,3.7,0.2,2.2,-3.4,-3.2,0.2,-0.1,-4.0,3.4,2.9,-2.6,0.1,-5.9,4.1,-3.7,-2.4,1.4,-1.9,-5.8,1.9,4.2,-2.8,-0.6,-6.4,4.1,-2.3,-4.0,-1.7,3.2,-0.9,5.6,0.6,-2.3,1.4,-4.6,4.1
2023-01-01,4.93135,3.5,505300.0,27164.359,0.7,2.5,1.8,3.7,0.1,3.0,5.2,4.0,2.1,-0.3,-0.9,5.6,6.6,7.8,0.4,3.7,0.7,2.5,1.8,3.8,0.1,3.1,4.4,3.7,1.9,-0.1,-0.6,5.6,6.2,7.0,0.6,3.7,-2.9,-0.6,2.4,5.7,2.0,8.9,-1.6,4.2,1.7,0.7,4.5,8.2,3.6,-2.2,-2.3,3.7,-1.5,5.5,-1.6,-2.2,-2.2,0.2,0.5,0.3,3.1,-0.5,2.9,0.2,0.1,3.4,0.3,3.7,-1.9,-0.4,1.6,3.3,-0.4,5.2,1.0,0.6,4.9,-1.3,3.7,3.2,1.3,-1.8,2.5,-1.1,-0.6,-1.2,-0.6,0.7,2.6,3.7
2023-02-01,4.93135,3.6,505300.0,27164.359,0.7,2.5,1.8,3.7,0.1,3.0,5.2,4.0,2.1,-0.3,-0.9,5.6,6.6,7.8,0.4,3.7,0.7,2.5,1.8,3.8,0.1,3.1,4.4,3.7,1.9,-0.1,-0.6,5.6,6.2,7.0,0.6,3.7,-2.9,-0.6,2.4,5.7,2.0,8.9,-1.6,4.2,1.7,0.7,4.5,8.2,3.6,-2.2,-2.3,3.7,-1.5,5.5,-1.6,-2.2,-2.2,0.2,0.5,0.3,3.1,-0.5,2.9,0.2,0.1,3.4,0.3,3.7,-1.9,-0.4,1.6,3.3,-0.4,5.2,1.0,0.6,4.9,-1.3,3.7,3.2,1.3,-1.8,2.5,-1.1,-0.6,-1.2,-0.6,0.7,2.6,3.7
2023-03-01,4.93135,3.5,505300.0,27164.359,0.7,2.5,1.8,3.7,0.1,3.0,5.2,4.0,2.1,-0.3,-0.9,5.6,6.6,7.8,0.4,3.7,0.7,2.5,1.8,3.8,0.1,3.1,4.4,3.7,1.9,-0.1,-0.6,5.6,6.2,7.0,0.6,3.7,-2.9,-0.6,2.4,5.7,2.0,8.9,-1.6,4.2,1.7,0.7,4.5,8.2,3.6,-2.2,-2.3,3.7,-1.5,5.5,-1.6,-2.2,-2.2,0.2,0.5,0.3,3.1,-0.5,2.9,0.2,0.1,3.4,0.3,3.7,-1.9,-0.4,1.6,3.3,-0.4,5.2,1.0,0.6,4.9,-1.3,3.7,3.2,1.3,-1.8,2.5,-1.1,-0.6,-1.2,-0.6,0.7,2.6,3.7
2023-04-01,3.05925,3.4,503000.0,27453.815,3.4,2.4,-1.0,6.5,3.5,3.1,0.6,1.9,0.4,-1.3,1.1,5.5,4.4,3.0,2.0,3.0,3.3,2.5,-0.7,6.1,3.0,2.7,-0.3,1.3,0.6,-1.2,1.4,5.4,3.9,2.2,2.0,3.0,3.3,2.5,-0.7,6.1,3.0,2.7,0.9,1.9,1.1,-1.8,0.8,5.3,4.5,3.4,1.4,3.0,-2.5,1.1,6.0,0.0,8.7,3.8,0.3,-3.4,10.0,6.8,5.9,-1.1,-2.4,6.2,1.3,3.0,6.2,1.8,-4.2,12.5,9.3,6.0,-2.1,-2.1,7.9,3.9,3.0,1.0,-1.2,-2.2,5.3,2.3,4.3,0.7,-2.9,3.0,-1.9,3.0
2023-05-01,3.05925,3.6,503000.0,27453.815,3.4,2.4,-1.0,6.5,3.5,3.1,0.6,1.9,0.4,-1.3,1.1,5.5,4.4,3.0,2.0,3.0,3.3,2.5,-0.7,6.1,3.0,2.7,-0.3,1.3,0.6,-1.2,1.4,5.4,3.9,2.2,2.0,3.0,3.3,2.5,-0.7,6.1,3.0,2.7,0.9,1.9,1.1,-1.8,0.8,5.3,4.5,3.4,1.4,3.0,-2.5,1.1,6.0,0.0,8.7,3.8,0.3,-3.4,10.0,6.8,5.9,-1.1,-2.4,6.2,1.3,3.0,6.2,1.8,-4.2,12.5,9.3,6.0,-2.1,-2.1,7.9,3.9,3.0,1.0,-1.2,-2.2,5.3,2.3,4.3,0.7,-2.9,3.0,-1.9,3.0
2023-06-01,3.05925,3.6,503000.0,27453.815,3.4,2.4,-1.0,6.5,3.5,3.1,0.6,1.9,0.4,-1.3,1.1,5.5,4.4,3.0,2.0,3.0,3.3,2.5,-0.7,6.1,3.0,2.7,-0.3,1.3,0.6,-1.2,1.4,5.4,3.9,2.2,2.0,3.0,3.3,2.5,-0.7,6.1,3.0,2.7,0.9,1.9,1.1,-1.8,0.8,5.3,4.5,3.4,1.4,3.0,-2.5,1.1,6.0,0.0,8.7,3.8,0.3,-3.4,10.0,6.8,5.9,-1.1,-2.4,6.2,1.3,3.0,6.2,1.8,-4.2,12.5,9.3,6.0,-2.1,-2.1,7.9,3.9,3.0,1.0,-1.2,-2.2,5.3,2.3,4.3,0.7,-2.9,3.0,-1.9,3.0
2023-07-01,3.69508,3.5,521900.0,27967.697,4.7,5.0,0.3,5.8,2.2,1.0,5.4,3.0,0.8,-0.6,-1.9,6.1,8.1,10.7,4.1,3.5,4.7,4.9,0.2,5.9,2.3,1.2,4.8,2.8,0.8,-0.6,-1.6,6.1,7.8,10.0,4.0,3.5,2.9,2.9,0.0,5.0,1.4,2.0,5.6,3.5,0.6,-0.6,-1.5,5.0,6.6,8.7,2.3,3.5,-1.6,0.9,16.9,1.3,20.4,-0.5,-0.4,0.1,6.7,3.1,7.2,0.3,-0.2,6.8,-0.7,3.5,-2.3,-0.1,2.3,5.8,2.2,8.2,1.0,1.2,8.2,-1.1,3.5,2.7,-0.7,-3.4,7.8,4.2,4.9,-0.9,-2.5,4.2,0.2,3.5
2023-08-01,3.69508,3.7,521900.0,27967.697,4.7,5.0,0.3,5.8,2.2,1.0,5.4,3.0,0.8,-0.6,-1.9,6.1,8.1,10.7,4.1,3.5,4.7,4.9,0.2,5.9,2.3,1.2,4.8,2.8,0.8,-0.6,-1.6,6.1,7.8,10.0,4.0,3.5,2.9,2.9,0.0,5.0,1.4,2.0,5.6,3.5,0.6,-0.6,-1.5,5.0,6.6,8.7,2.3,3.5,-1.6,0.9,16.9,1.3,20.4,-0.5,-0.4,0.1,6.7,3.1,7.2,0.3,-0.2,6.8,-0.7,3.5,-2.3,-0.1,2.3,5.8,2.2,8.2,1.0,1.2,8.2,-1.1,3.5,2.7,-0.7,-3.4,7.8,4.2,4.9,-0.9,-2.5,4.2,0.2,3.5
2023-09-01,3.69508,3.8,521900.0,27967.697,4.7,5.0,0.3,5.8,2.2,1.0,5.4,3.0,0.8,-0.6,-1.9,6.1,8.1,10.7,4.1,3.5,4.7,4.9,0.2,5.9,2.3,1.2,4.8,2.8,0.8,-0.6,-1.6,6.1,7.8,10.0,4.0,3.5,2.9,2.9,0.0,5.0,1.4,2.0,5.6,3.5,0.6,-0.6,-1.5,5.0,6.6,8.7,2.3,3.5,-1.6,0.9,16.9,1.3,20.4,-0.5,-0.4,0.1,6.7,3.1,7.2,0.3,-0.2,6.8,-0.7,3.5,-2.3,-0.1,2.3,5.8,2.2,8.2,1.0,1.2,8.2,-1.1,3.5,2.7,-0.7,-3.4,7.8,4.2,4.9,-0.9,-2.5,4.2,0.2,3.5
2023-10-01,3.3222,3.9,498300.0,28296.967,3.5,3.4,-0.1,4.7,1.9,1.2,1.3,1.3,0.9,-1.0,-0.1,4.6,4.7,4.8,2.4,2.8,3.6,3.4,-0.2,4.8,2.0,1.2,0.3,0.8,0.7,-0.9,0.4,4.7,4.2,3.7,2.7,2.8,6.3,6.0,-0.3,4.6,1.7,-1.6,5.2,1.3,0.6,-0.8,-2.9,4.3,7.4,11.5,5.4,2.8,-2.0,-1.7,15.9,3.9,22.9,1.6,-1.4,-2.9,6.3,3.4,4.6,-1.4,-1.5,3.2,0.1,2.8,-0.1,-3.0,-2.9,8.4,5.4,8.5,-0.6,-2.3,5.2,-2.4,2.8,3.4,0.3,-2.9,2.2,-0.6,-1.1,-2.9,0.0,-0.8,3.4,2.8
2023-11-01,3.3222,3.7,498300.0,28296.967,3.5,3.4,-0.1,4.7,1.9,1.2,1.3,1.3,0.9,-1.0,-0.1,4.6,4.7,4.8,2.4,2.8,3.6,3.4,-0.2,4.8,2.0,1.2,0.3,0.8,0.7,-0.9,0.4,4.7,4.2,3.7,2.7,2.8,6.3,6.0,-0.3,4.6,1.7,-1.6,5.2,1.3,0.6,-0.8,-2.9,4.3,7.4,11.5,5.4,2.8,-2.0,-1.7,15.9,3.9,22.9,1.6,-1.4,-2.9,6.3,3.4,4.6,-1.4,-1.5,3.2,0.1,2.8,-0.1,-3.0,-2.9,8.4,5.4,8.5,-0.6,-2.3,5.2,-2.4,2.8,3.4,0.3,-2.9,2.2,-0.6,-1.1,-2.9,0.0,-0.8,3.4,2.8
2023-12-01,3.3222,3.8,498300.0,28296.967,3.5,3.4,-0.1,4.7,1.9,1.2,1.3,1.3,0.9,-1.0,-0.1,4.6,4.7,4.8,2.4,2.8,3.6,3.4,-0.2,4.8,2.0,1.2,0.3,0.8,0.7,-0.9,0.4,4.7,4.2,3.7,2.7,2.8,6.3,6.0,-0.3,4.6,1.7,-1.6,5.2,1.3,0.6,-0.8,-2.9,4.3,7.4,11.5,5.4,2.8,-2.0,-1.7,15.9,3.9,22.9,1.6,-1.4,-2.9,6.3,3.4,4.6,-1.4,-1.5,3.2,0.1,2.8,-0.1,-3.0,-2.9,8.4,5.4,8.5,-0.6,-2.3,5.2,-2.4,2.8,3.4,0.3,-2.9,2.2,-0.6,-1.1,-2.9,0.0,-0.8,3.4,2.8
2024-01-01,3.469,3.7,519700.0,28624.069,1.6,1.3,-0.3,10.1,6.1,8.3,-4.1,2.6,1.1,-1.4,5.6,9.8,3.9,-2.8,0.2,3.7,1.7,1.4,-0.3,10.0,6.1,8.2,-4.5,2.2,1.2,-1.5,5.8,9.7,3.6,-3.2,0.2,3.7,6.5,6.4,-0.1,12.4,8.4,5.5,-6.8,0.0,1.0,-1.0,5.6,12.3,6.4,-0.9,5.4,3.7,6.0,5.7,-22.2,12.7,-17.2,-0.2,-0.9,-0.7,6.8,2.9,7.0,-0.8,0.1,6.0,-0.1,3.7,2.3,0.0,-2.3,9.6,5.7,7.1,-2.0,-0.3,7.1,2.0,3.7,-3.7,-1.7,2.0,1.9,-1.7,5.8,1.2,0.8,4.0,-2.9,3.7
2024-02-01,3.469,3.9,519700.0,28624.069,1.6,1.3,-0.3,10.1,6.1,8.3,-4.1,2.6,1.1,-1.4,5.6,9.8,3.9,-2.8,0.2,3.7,1.7,1.4,-0.3,10.0,6.1,8.2,-4.5,2.2,1.2,-1.5,5.8,9.7,3.6,-3.2,0.2,3.7,6.5,6.4,-0.1,12.4,8.4,5.5,-6.8,0.0,1.0,-1.0,5.6,12.3,6.4,-0.9,5.4,3.7,6.0,5.7,-22.2,12.7,-17.2,-0.2,-0.9,-0.7,6.8,2.9,7.0,-0.8,0.1,6.0,-0.1,3.7,2.3,0.0,-2.3,9.6,5.7,7.1,-2.0,-0.3,7.1,2.0,3.7,-3.7,-1.7,2.0,1.9,-1.7,5.8,1.2,0.8,4.0,-2.9,3.7
2024-03-01,3.469,3.9,519700.0,28624.069,1.6,1.3,-0.3,10.1,6.1,8.3,-4.1,2.6,1.1,-1.4,5.6,9.8,3.9,-2.8,0.2,3.7,1.7,1.4,-0.3,10.0,6.1,8.2,-4.5,2.2,1.2,-1.5,5.8,9.7,3.6,-3.2,0.2,3.7,6.5,6.4,-0.1,12.4,8.4,5.5,-6.8,0.0,1.0,-1.0,5.6,12.3,6.4,-0.9,5.4,3.7,6.0,5.7,-22.2,12.7,-17.2,-0.2,-0.9,-0.7,6.8,2.9,7.0,-0.8,0.1,6.0,-0.1,3.7,2.3,0.0,-2.3,9.6,5.7,7.1,-2.0,-0.3,7.1,2.0,3.7,-3.7,-1.7,2.0,1.9,-1.7,5.8,1.2,0.8,4.0,-2.9,3.7
2024-04-01,2.97009,3.9,502200.0,29016.714,2.1,3.0,1.0,1.1,-1.6,-0.9,6.4,2.3,0.6,0.3,-3.2,2.1,5.4,9.7,2.4,2.7,2.3,3.3,1.0,1.1,-1.6,-1.1,6.4,2.2,0.7,0.3,-3.3,2.1,5.5,9.9,2.5,2.7,1.1,2.5,1.4,0.8,-1.8,-0.2,3.6,1.4,1.0,0.4,-1.6,2.2,3.9,6.2,1.5,2.7,-3.7,-1.3,15.1,-1.3,17.9,0.5,1.4,0.9,-5.2,-7.8,-5.7,-0.9,1.8,-4.4,2.3,2.7,-0.5,0.3,0.8,-8.4,-10.9,-8.0,-1.0,1.8,-7.7,1.3,2.7,1.5,2.6,1.1,1.4,-1.3,-0.1,-0.6,1.7,2.5,3.2,2.7
2024-05-01,2.97009,4.0,502200.0,29016.714,2.1,3.0,1.0,1.1,-1.6,-0.9,6.4,2.3,0.6,0.3,-3.2,2.1,5.4,9.7,2.4,2.7,2.3,3.3,1.0,1.1,-1.6,-1.1,6.4,2.2,0.7,0.3,-3.3,2.1,5.5,9.9,2.5,2.7,1.1,2.5,1.4,0.8,-1.8,-0.2,3.6,1.4,1.0,0.4,-1.6,2.2,3.9,6.2,1.5,2.7,-3.7,-1.3,15.1,-1.3,17.9,0.5,1.4,0.9,-5.2,-7.8,-5.7,-0.9,1.8,-4.4,2.3,2.7,-0.5,0.3,0.8,-8.4,-10.9,-8.0,-1.0,1.8,-7.7,1.3,2.7,1.5,2.6,1.1,1.4,-1.3,-0.1,-0.6,1.7,2.5,3.2,2.7
2024-06-01,2.97009,4.1,502200.0,29016.714,2.1,3.0,1.0,1.1,-1.6,-0.9,6.4,2.3,0.6,0.3,-3.2,2.1,5.4,9.7,2.4,2.7,2.3,3.3,1.0,1.1,-1.6,-1.1,6.4,2.2,0.7,0.3,-3.3,2.1,5.5,9.9,2.5,2.7,1.1,2.5,1.4,0.8,-1.8,-0.2,3.6,1.4,1.0,0.4,-1.6,2.2,3.9,6.2,1.5,2.7,-3.7,-1.3,15.1,-1.3,17.9,0.5,1.4,0.9,-5.2,-7.8,-5.7,-0.9,1.8,-4.4,2.3,2.7,-0.5,0.3,0.8,-8.4,-10.9,-8.0,-1.0,1.8,-7.7,1.3,2.7,1.5,2.6,1.1,1.4,-1.3,-0.1,-0.6,1.7,2.5,3.2,2.7
2024-07-01,2.43254,4.2,498700.0,29374.914,2.9,3.6,0.7,1.3,-0.1,-1.5,4.4,1.1,1.0,-0.3,-2.6,2.1,4.8,8.2,2.6,1.4,2.4,3.5,1.1,0.9,-0.5,-1.4,4.8,1.4,1.1,0.0,-2.8,2.0,4.9,8.5,2.4,1.4,2.5,2.9,0.4,1.3,-0.1,-1.2,2.2,0.3,0.5,-0.1,-1.4,1.7,3.2,5.2,2.4,1.4,3.2,0.2,0.8,6.2,3.7,0.7,-0.7,-1.4,4.2,2.7,3.4,0.3,-1.7,2.7,-0.9,1.4,0.5,-3.1,-3.6,6.1,4.7,5.6,-2.0,-1.6,2.3,-1.1,1.4,-0.6,1.9,2.4,1.1,-0.3,1.6,4.1,-1.6,3.5,-2.1,1.4
2024-08-01,2.43254,4.2,498700.0,29374.914,2.9,3.6,0.7,1.3,-0.1,-1.5,4.4,1.1,1.0,-0.3,-2.6,2.1,4.8,8.2,2.6,1.4,2.4,3.5,1.1,0.9,-0.5,-1.4,4.8,1.4,1.1,0.0,-2.8,2.0,4.9,8.5,2.4,1.4,2.5,2.9,0.4,1.3,-0.1,-1.2,2.2,0.3,0.5,-0.1,-1.4,1.7,3.2,5.2,2.4,1.4,3.2,0.2,0.8,6.2,3.7,0.7,-0.7,-1.4,4.2,2.7,3.4,0.3,-1.7,2.7,-0.9,1.4,0.5,-3.1,-3.6,6.1,4.7,5.6,-2.0,-1.6,2.3,-1.1,1.4,-0.6,1.9,2.4,1.1,-0.3,1.6,4.1,-1.6,3.5,-2.1,1.4
2024-09-01,2.43254,4.1,498700.0,29374.914,2.9,3.6,0.7,1.3,-0.1,-1.5,4.4,1.1,1.0,-0.3,-2.6,2.1,4.8,8.2,2.6,1.4,2.4,3.5,1.1,0.9,-0.5,-1.4,4.8,1.4,1.1,0.0,-2.8,2.0,4.9,8.5,2.4,1.4,2.5,2.9,0.4,1.3,-0.1,-1.2,2.2,0.3,0.5,-0.1,-1.4,1.7,3.2,5.2,2.4,1.4,3.2,0.2,0.8,6.2,3.7,0.7,-0.7,-1.4,4.2,2.7,3.4,0.3,-1.7,2.7,-0.9,1.4,0.5,-3.1,-3.6,6.1,4.7,5.6,-2.0,-1.6,2.3,-1.1,1.4,-0.6,1.9,2.4,1.1,-0.3,1.6,4.1,-1.6,3.5,-2.1,1.4
2024-10-01,2.87237,4.1,510900.0,29723.864,1.7,2.5,0.8,5.5,2.4,3.8,-0.5,1.8,0.3,0.5,1.9,6.4,4.4,2.0,2.2,3.1,2.2,2.5,0.3,6.1,2.9,3.8,-0.2,2.0,0.0,0.3,1.8,6.4,4.6,2.3,2.5,3.1,5.9,6.4,0.4,6.3,3.1,0.3,0.8,0.5,0.7,-0.3,-0.2,6.7,7.0,7.3,5.7,3.1,0.3,0.3,1.6,6.7,8.1,0.1,-1.4,-1.6,2.1,-0.9,2.0,-1.6,0.1,0.5,0.2,3.1,-1.7,-3.7,-2.0,1.2,-1.8,3.0,-2.1,0.1,-0.8,-1.6,3.1,1.8,0.9,-0.9,4.0,0.9,2.2,-0.9,0.0,3.1,1.8,3.1
2024-11-01,2.87237,4.2,510900.0,29723.864,1.7,2.5,0.8,5.5,2.4,3.8,-0.5,1.8,0.3,0.5,1.9,6.4,4.4,2.0,2.2,3.1,2.2,2.5,0.3,6.1,2.9,3.8,-0.2,2.0,0.0,0.3,1.8,6.4,4.6,2.3,2.5,3.1,5.9,6.4,0.4,6.3,3.1,0.3,0.8,0.5,0.7,-0.3,-0.2,6.7,7.0,7.3,5.7,3.1,0.3,0.3,1.6,6.7,8.1,0.1,-1.4,-1.6,2.1,-0.9,2.0,-1.6,0.1,0.5,0.2,3.1,-1.7,-3.7,-2.0,1.2,-1.8,3.0,-2.1,0.1,-0.8,-1.6,3.1,1.8,0.9,-0.9,4.0,0.9,2.2,-0.9,0.0,3.1,1.8,3.1
2024-12-01,2.87237,4.1,510900.0,29723.864,1.7,2.5,0.8,5.5,2.4,3.8,-0.5,1.8,0.3,0.5,1.9,6.4,4.4,2.0,2.2,3.1,2.2,2.5,0.3,6.1,2.9,3.8,-0.2,2.0,0.0,0.3,1.8,6.4,4.6,2.3,2.5,3.1,5.9,6.4,0.4,6.3,3.1,0.3,0.8,0.5,0.7,-0.3,-0.2,6.7,7.0,7.3,5.7,3.1,0.3,0.3,1.6,6.7,8.1,0.1,-1.4,-1.6,2.1,-0.9,2.0,-1.6,0.1,0.5,0.2,3.1,-1.7,-3.7,-2.0,1.2,-1.8,3.0,-2.1,0.1,-0.8,-1.6,3.1,1.8,0.9,-0.9,4.0,0.9,2.2,-0.9,0.0,3.1,1.8,3.1
